-- MariaDB dump 10.17  Distrib 10.4.15-MariaDB, for Linux (x86_64)
--
-- Host: mysql.hostinger.ro    Database: u574849695_22
-- ------------------------------------------------------
-- Server version	10.4.15-MariaDB-cll-lve

/*!40101 SET @OLD_CHARACTER_SET_CLIENT=@@CHARACTER_SET_CLIENT */;
/*!40101 SET @OLD_CHARACTER_SET_RESULTS=@@CHARACTER_SET_RESULTS */;
/*!40101 SET @OLD_COLLATION_CONNECTION=@@COLLATION_CONNECTION */;
/*!40101 SET NAMES utf8mb4 */;
/*!40103 SET @OLD_TIME_ZONE=@@TIME_ZONE */;
/*!40103 SET TIME_ZONE='+00:00' */;
/*!40014 SET @OLD_UNIQUE_CHECKS=@@UNIQUE_CHECKS, UNIQUE_CHECKS=0 */;
/*!40014 SET @OLD_FOREIGN_KEY_CHECKS=@@FOREIGN_KEY_CHECKS, FOREIGN_KEY_CHECKS=0 */;
/*!40101 SET @OLD_SQL_MODE=@@SQL_MODE, SQL_MODE='NO_AUTO_VALUE_ON_ZERO' */;
/*!40111 SET @OLD_SQL_NOTES=@@SQL_NOTES, SQL_NOTES=0 */;

--
-- Table structure for table `Webinars`
--

DROP TABLE IF EXISTS `Webinars`;
/*!40101 SET @saved_cs_client     = @@character_set_client */;
/*!40101 SET character_set_client = utf8 */;
CREATE TABLE `Webinars` (
  `id` bigint(20) unsigned NOT NULL AUTO_INCREMENT,
  `user_id` bigint(20) unsigned NOT NULL,
  `accoun_id` bigint(20) unsigned DEFAULT NULL,
  `name_webinar` varchar(150) COLLATE utf8mb4_unicode_ci DEFAULT NULL COMMENT '??? ????????',
  `webinar_programs` varchar(200) COLLATE utf8mb4_unicode_ci DEFAULT NULL COMMENT '????????? ????????',
  `link` varchar(150) COLLATE utf8mb4_unicode_ci DEFAULT NULL COMMENT '??????',
  `description` varchar(350) COLLATE utf8mb4_unicode_ci DEFAULT NULL COMMENT '???????? ????????',
  PRIMARY KEY (`id`),
  UNIQUE KEY `link` (`link`),
  KEY `accoun_id` (`accoun_id`),
  KEY `user_id` (`user_id`),
  CONSTRAINT `Webinars_ibfk_1` FOREIGN KEY (`accoun_id`) REFERENCES `accounts` (`user_id`) ON DELETE CASCADE ON UPDATE CASCADE,
  CONSTRAINT `Webinars_ibfk_2` FOREIGN KEY (`user_id`) REFERENCES `users` (`id`) ON DELETE CASCADE ON UPDATE CASCADE
) ENGINE=InnoDB AUTO_INCREMENT=101 DEFAULT CHARSET=utf8mb4 COLLATE=utf8mb4_unicode_ci;
/*!40101 SET character_set_client = @saved_cs_client */;

--
-- Dumping data for table `Webinars`
--

LOCK TABLES `Webinars` WRITE;
/*!40000 ALTER TABLE `Webinars` DISABLE KEYS */;
INSERT INTO `Webinars` VALUES (1,1,1,'ut','libero','http://www.blanda.net/','Sint blanditiis vitae quia optio voluptatibus mollitia. Sit ut sit qui qui qui. Possimus suscipit occaecati a voluptas dolorem enim in quibusdam. Ea aspernatur iure temporibus.'),(2,2,2,'reprehenderit','et','http://www.lockman.com/','Et similique eligendi excepturi ratione aliquid repellendus laborum hic. Blanditiis vitae assumenda quibusdam ex laborum. Qui omnis aliquam ea delectus.'),(3,3,3,'velit','necessitatibus','http://www.fay.com/','Explicabo ut quia dolor dolor sed et. Provident soluta explicabo minima. Eum saepe sed sed alias vel totam et voluptas. Vel et unde dolor incidunt. Et aperiam illum iusto blanditiis.'),(4,4,4,'minima','perferendis','http://www.streichmccullough.com/','Dolores qui distinctio voluptatem quia temporibus eum rem voluptates. Id deleniti debitis sint sequi quas commodi. Eum odit modi id id autem ratione minima ullam. Officiis sunt id voluptatibus eum.'),(5,5,5,'cumque','blanditiis','http://kutch.com/','Possimus non dolorum eos aut. Consectetur voluptas aut non officiis similique a nobis. Veniam sit corporis quo error quas aliquid.'),(6,6,6,'necessitatibus','ducimus','http://koelpin.com/','Officia est omnis atque fugiat amet. Qui itaque explicabo explicabo perferendis nisi. Quod perspiciatis nihil architecto dolor quam.'),(7,7,7,'reiciendis','repellendus','http://www.vandervort.com/','Et provident sint quia fugiat. Dolor quia minima beatae nesciunt. Eligendi reprehenderit ut eos. Doloremque veniam est consectetur.'),(8,8,8,'dolore','dolorem','http://www.prosacco.info/','Sequi eum inventore et incidunt corporis autem occaecati. Nisi quia et atque rerum. Consequatur incidunt est quos praesentium nemo placeat nemo. Blanditiis eum ad exercitationem nihil. Corrupti quia laborum illo eveniet in alias et sit.'),(9,9,9,'repellat','non','http://www.oberbrunner.com/','Aut iure architecto soluta sed quam corrupti tenetur. Dolorum voluptas temporibus deleniti non. Itaque dolores harum animi quod. Molestias voluptatem esse tempora consequatur unde quo.'),(10,10,10,'eligendi','aperiam','http://www.harbermuller.org/','Pariatur est est voluptas nemo. Laudantium dignissimos aliquid sunt. Totam nemo voluptate ipsam reprehenderit. Officia nulla tempore quia recusandae rerum soluta.'),(11,11,11,'illo','atque','http://www.kerlukecollier.com/','Et in sed perferendis sed est dolor. Expedita consequatur similique est non dolorem ad. Explicabo molestiae voluptas placeat fugit est ad cupiditate animi.'),(12,12,12,'occaecati','unde','http://www.runte.com/','Voluptates aut doloremque animi perferendis rerum natus saepe. Repudiandae magnam et sunt est. Corrupti rerum aperiam repellat iusto. Cum aut consequatur labore quos quam.'),(13,13,13,'voluptatum','veritatis','http://www.bartonbeier.com/','Et qui deserunt rerum quo fuga eos modi. Nostrum accusamus esse numquam sapiente ut provident. Libero fugiat expedita qui ut laboriosam occaecati. Officia molestiae praesentium id accusamus.'),(14,14,14,'consequuntur','tempora','http://oconner.com/','Qui dolores omnis sit est repellendus aspernatur odio quasi. Eum consequatur rerum rerum corrupti voluptatibus incidunt. Impedit nesciunt ut fuga ut asperiores fugit consequatur doloribus.'),(15,15,15,'ut','dolorem','http://www.wisozkcole.net/','Quo vero amet nihil. Enim corporis sapiente voluptatem id dolorem aut. Tenetur nostrum eum alias qui. Voluptates tempore ut voluptas eveniet nobis minus autem.'),(16,16,16,'quia','atque','http://www.nienowwillms.com/','Consequatur modi dignissimos harum maiores maiores. Eaque illum deleniti nobis ex labore omnis ut. Quaerat similique sequi ut ipsa iure.'),(17,17,17,'sapiente','sed','http://www.christiansenrice.com/','Qui rerum nihil quos saepe. Optio quibusdam sit et dolorum deserunt aperiam. Voluptatem eaque cupiditate sit repellat. Odit a cumque in natus dolores necessitatibus omnis.'),(18,18,18,'et','voluptas','http://www.abbott.com/','Non quasi similique voluptas voluptatem ipsam quia corrupti. Aut est dolor magnam eveniet iusto ex. Tempore est libero debitis ea voluptatem culpa quaerat est.'),(19,19,19,'hic','ut','http://www.damore.com/','Et ea fugiat et dolores quod. Deleniti adipisci qui impedit vitae consectetur rerum. Blanditiis natus et animi ex est suscipit.'),(20,20,20,'non','atque','http://yost.com/','Sint sequi iusto velit itaque. Similique consequatur consequatur expedita consequatur sit.'),(21,21,21,'facere','corrupti','http://www.lindgrendavis.com/','Error voluptates cupiditate occaecati nisi reprehenderit et. Nihil quos quis ipsa. Nam non pariatur totam saepe eveniet ea. Quia impedit non fugiat facere.'),(22,22,22,'beatae','voluptas','http://www.pfannerstillkemmer.com/','Labore asperiores repellendus et deserunt voluptas reiciendis aut. Dolorem maxime et sunt tenetur ea. Consequatur sit quis ut laudantium eligendi magnam.'),(23,23,23,'qui','odit','http://kautzersatterfield.biz/','Officiis voluptatibus est aliquam ab. Veniam omnis dolores est ab sint molestiae.'),(24,24,24,'perspiciatis','maiores','http://feest.com/','Hic cum recusandae aut enim aspernatur. Voluptatem ratione modi iusto ut. Dignissimos rerum qui et hic. Recusandae in fuga qui ratione non eius eum.'),(25,25,25,'consequatur','perferendis','http://gibson.com/','Consequuntur ab in officia eveniet. Quo cupiditate inventore aperiam ut consequatur et. Enim et magni et eum omnis culpa soluta. Perspiciatis voluptatem error voluptates possimus est blanditiis.'),(26,26,26,'eum','et','http://friesentremblay.com/','Voluptas aut dolorem est consequatur sint eos et. Mollitia neque ut dolor pariatur et. Qui eum sit ipsum perspiciatis dignissimos dicta aperiam. Ut dolorum in eligendi et ad est.'),(27,27,27,'labore','sequi','http://www.flatley.biz/','Facere at corrupti quia voluptas quo reprehenderit inventore. Molestias voluptatum provident temporibus amet. Et voluptatum ut eum quas. Voluptatem ullam impedit est laudantium ullam nulla.'),(28,28,28,'dignissimos','qui','http://jakubowski.com/','In perferendis est voluptatum consequatur quod rerum. Veniam aliquam numquam omnis illum.'),(29,29,29,'excepturi','consequatur','http://www.koch.org/','Est eum doloremque nemo itaque quia accusantium magnam occaecati. Iusto numquam fugit enim. Dolor asperiores aliquid tenetur magni voluptas earum.'),(30,30,30,'facilis','magnam','http://gislason.com/','Ut est harum natus asperiores quidem aperiam non. Id sunt reiciendis et. Eius laudantium facilis ipsam. Perferendis voluptatem natus odit voluptatem et voluptas sed inventore.'),(31,31,31,'eum','maxime','http://kessler.com/','Voluptates inventore recusandae doloremque quidem sapiente quae. Architecto officiis et laudantium qui id et atque. Neque quisquam voluptates est modi ut. Cum illo voluptate quam dolorum amet id nobis.'),(32,32,32,'sunt','eum','http://weberemard.biz/','Ab eos quasi corporis est qui. Ab voluptatem quia et adipisci atque. Molestiae impedit sequi eius voluptatem. Hic quasi aliquam sunt qui beatae quod non.'),(33,33,33,'consectetur','deserunt','http://www.emard.com/','Consequatur nulla id magnam fuga modi. Reprehenderit est cum quasi dolores. Nihil deserunt nihil consectetur voluptas est dolorem fugit non.'),(34,34,34,'distinctio','eaque','http://quigleyblick.com/','Fugit sint officiis autem sed dicta eligendi sit. Corrupti impedit culpa voluptatum perferendis. Veritatis inventore sed ut blanditiis. Libero neque et qui totam enim aut.'),(35,35,35,'quae','ut','http://www.beckerking.com/','Velit magni consectetur ut ea quia perspiciatis. Et qui nihil voluptatem quibusdam. Ullam blanditiis officiis qui beatae. Quo voluptatibus et repudiandae provident voluptatum. Consequatur omnis aut amet est aliquid.'),(36,36,36,'maiores','iusto','http://emard.biz/','Numquam esse quia tempora accusamus. Fuga qui ut qui soluta. Maiores omnis sint ex. Commodi officia officiis eos in quo earum dolor.'),(37,37,37,'eligendi','cumque','http://wolflittle.com/','Quo officia cumque vero molestiae et. Et tempore qui cum provident animi quia. Alias ipsa consequatur quod laudantium unde est non.'),(38,38,38,'rerum','itaque','http://uptonleannon.org/','Qui illum officia magnam harum quod quibusdam. Recusandae molestiae qui animi placeat vitae odit reiciendis. Sunt libero ut perspiciatis eos aut. At quia adipisci ut.'),(39,39,39,'similique','et','http://www.fadel.info/','Ab molestias dolor eligendi nam id id distinctio. Illum voluptas inventore explicabo ut qui dolores blanditiis. Tempora earum quo in molestiae veniam minus. Quis a sunt dolorum in. Rerum modi esse quaerat.'),(40,40,40,'adipisci','omnis','http://marquardt.com/','Sit molestiae vitae rem est molestiae repellendus nulla. Suscipit sit qui nobis autem reiciendis. Rerum officiis voluptatum similique mollitia non ut. Suscipit nihil voluptates veritatis autem facere sit autem.'),(41,41,41,'et','esse','http://www.brekke.com/','Nostrum corrupti labore inventore non sit ipsum. Doloremque omnis vel sunt error. Similique saepe sit omnis aut incidunt. Id veniam ducimus quia hic officia et.'),(42,42,42,'eos','tempora','http://www.naderjohns.com/','Consequuntur alias repellendus aut ducimus. Atque eos est iste voluptas. Qui illum quia eos. Sunt mollitia eveniet corrupti modi voluptatibus est.'),(43,43,43,'impedit','ut','http://www.bechtelar.com/','Perferendis sunt veritatis inventore illum sequi quibusdam. Consequatur reprehenderit praesentium culpa tempore aut labore rerum. Aut natus dolorem rerum tempora provident. Iure et aliquid cumque eius sint.'),(44,44,44,'eos','quasi','http://spencer.net/','Ipsum dolor sit qui beatae aut. Iste voluptatibus est cumque laborum fugit sed. Ut vel officia harum sed. Enim vero repudiandae quis sapiente corrupti deleniti.'),(45,45,45,'enim','consequuntur','http://russel.info/','Sequi ut voluptatum odit labore totam non. Qui et facere voluptate amet magni soluta voluptatibus.'),(46,46,46,'facilis','quo','http://rueckertremblay.com/','Sed consequatur est eos voluptatum eveniet deleniti. Occaecati unde ducimus id tempora ad. Veniam quisquam non reiciendis expedita molestias.'),(47,47,47,'quo','quam','http://willms.com/','Esse et doloribus possimus mollitia qui dolores nihil. Pariatur itaque expedita rerum et at dolorem corporis. Quidem suscipit molestiae odit minus sint beatae.'),(48,48,48,'iusto','voluptatum','http://www.murazik.org/','Non debitis officiis maiores dolorum et quis facere. Qui et architecto non sit est officia quia rerum. Quaerat beatae vel aspernatur sint nihil consequatur.'),(49,49,49,'quisquam','velit','http://www.langosh.com/','Magnam eligendi fugiat neque tenetur. Quia incidunt molestiae quia fugiat velit modi. Nobis vel ea ea consequatur autem aliquid deserunt.'),(50,50,50,'architecto','aliquid','http://schultzokon.org/','Aperiam facilis eos quia blanditiis. Fugit exercitationem expedita debitis nisi accusamus reprehenderit. Iure assumenda commodi nihil sequi.'),(51,51,51,'reprehenderit','et','http://langdouglas.com/','Est et nulla qui quidem. Porro saepe minima neque qui cupiditate aut neque. Consequatur deserunt quam fuga necessitatibus quas id. Molestias aliquam ut assumenda accusamus vel est aut voluptatem.'),(52,52,52,'nobis','aut','http://sporersatterfield.biz/','Natus fugiat a eaque fugiat voluptate. Rerum suscipit necessitatibus quia odit. Culpa cumque ea sequi iste excepturi omnis fugiat.'),(53,53,53,'est','in','http://www.kreigercrona.com/','Dolorum sed consectetur quia similique sapiente et soluta voluptas. Veniam ea expedita nam quod. Ullam eum corporis qui magnam alias voluptas.'),(54,54,54,'eum','aut','http://lemkekonopelski.com/','Quia et aut accusantium tempore expedita. Et quia consequuntur voluptas ab debitis. Sunt voluptas enim cumque voluptatem enim sed cum. Iste ut laboriosam hic natus.'),(55,55,55,'deserunt','dolore','http://www.huelpacocha.com/','Quaerat hic adipisci tempore iste rem. Rerum facilis sed adipisci sunt iure voluptas. In quia placeat omnis eaque deserunt ut est perferendis.'),(56,56,56,'repudiandae','vitae','http://jakubowski.org/','Eos consectetur qui doloremque dolores. Doloremque eligendi vero est quo sint. Reprehenderit voluptatem fuga placeat dolorem voluptas iste aut impedit.'),(57,57,57,'est','quas','http://grant.com/','Sed odit saepe consequuntur animi tempore qui. Occaecati reprehenderit qui ratione aut. Architecto perferendis non quaerat sed dolor eligendi.'),(58,58,58,'minus','quia','http://www.homenick.com/','Odit voluptatem labore est saepe. At dolores qui aliquam tempora omnis. Et enim ut vitae. Omnis aut sit ex est architecto aspernatur. Molestias repudiandae at corrupti blanditiis.'),(59,59,59,'qui','quisquam','http://www.gottlieb.com/','Nam velit distinctio accusantium et sit cupiditate sequi. Autem et ex pariatur aut ullam molestiae. Provident ipsa dolor quasi ipsum maiores cumque.'),(60,60,60,'dolores','veritatis','http://schoenemmerich.com/','Deleniti ut sunt quos iste. Incidunt ut dolorem non. Eius aliquam id optio sit deserunt hic.'),(61,61,61,'quo','quia','http://mitchellziemann.com/','Consequatur est qui quam atque velit rerum sint amet. Aut voluptatem commodi alias et.'),(62,62,62,'iusto','cupiditate','http://www.emard.biz/','Deleniti soluta mollitia atque quis enim officiis. Dolorem voluptatem ut doloremque quae. Omnis illum omnis dolorem et.'),(63,63,63,'et','repellendus','http://www.watsicablanda.org/','Ut voluptatibus quia est est id odio. Suscipit sunt qui id quo impedit eos. Autem et dolorem quis harum sunt id in.'),(64,64,64,'amet','qui','http://www.gusikowski.info/','Nulla illo cum consequatur cumque quas animi recusandae. Provident dolores voluptas minima earum quae. Repudiandae eos inventore debitis delectus voluptate necessitatibus rerum. Sed nostrum quisquam in exercitationem aut et. Cum dicta rerum exercitationem in esse.'),(65,65,65,'ipsa','et','http://gerlach.com/','Ratione dolor nam et velit nemo. Et quis consequatur qui quidem autem. Et perspiciatis laborum quas et.'),(66,66,66,'nesciunt','pariatur','http://luettgen.com/','Nostrum officiis ut quam quaerat. Et odit non quia autem nisi libero quo. Porro quam animi a alias.'),(67,67,67,'sed','nemo','http://ziemanntoy.biz/','Et facere laborum quas at hic non. Magnam deleniti voluptatum a sunt.'),(68,68,68,'aliquam','aut','http://koss.org/','Officia praesentium rem reiciendis quae sequi quam. Laboriosam ea consectetur autem voluptatem. Placeat et repellendus in voluptatem non omnis provident. Voluptates ex ratione aliquam eaque velit repudiandae soluta.'),(69,69,69,'id','vitae','http://hudson.com/','Voluptatem in autem omnis autem dolor aut provident. Quia qui animi dolor est corporis reprehenderit. Optio neque molestias exercitationem amet autem asperiores quia.'),(70,70,70,'tempore','a','http://www.mosciskisenger.com/','Hic atque dignissimos expedita et odio facilis minima. Eaque modi impedit rerum omnis aliquid.'),(71,71,71,'dolorem','iure','http://www.schimmeloberbrunner.net/','Quidem accusantium aut dolorem. Placeat iusto asperiores sed enim non. Ea et officiis molestias quod rem accusantium omnis. Ea repudiandae rerum sunt.'),(72,72,72,'unde','facilis','http://denesikcrist.com/','Qui ex est qui. Quia aliquid reiciendis et explicabo. Amet quaerat accusamus sint quis maiores.'),(73,73,73,'eveniet','fuga','http://www.millergreenfelder.com/','Totam vero assumenda itaque aut recusandae. Consequatur voluptatem omnis ducimus aut blanditiis distinctio. Rerum quae nulla odio fugiat.'),(74,74,74,'aspernatur','nobis','http://www.bode.net/','Dolores vero veritatis provident odio perferendis. Maxime porro quisquam et dolorem enim aut. Sit et minima minus eos ipsam. Architecto laudantium totam voluptatem fuga.'),(75,75,75,'est','et','http://howe.com/','Consectetur aut consectetur consequatur at omnis vitae unde. Quos ipsa placeat est perferendis id. Sit voluptatum consequuntur illo laboriosam sapiente consectetur optio. Quia omnis commodi quasi corporis expedita.'),(76,76,76,'dolorum','nostrum','http://braun.com/','Est officiis et delectus non sequi provident. Sed unde molestias dolorum accusantium.'),(77,77,77,'nulla','similique','http://walker.biz/','Corrupti aperiam ut fugit sed. Accusantium vel voluptates nesciunt sint itaque in. Beatae possimus earum vitae nostrum architecto dignissimos expedita omnis.'),(78,78,78,'aut','nobis','http://www.williamsonjacobson.com/','Cumque rerum quia cum quis. Quam voluptas qui cumque quo. Doloribus et ut et corporis aspernatur iure sapiente. Temporibus aut libero facere.'),(79,79,79,'qui','molestiae','http://ernser.org/','Quidem quam sed placeat et sit aut minus. Suscipit pariatur reprehenderit dolores aliquam id. Dicta reiciendis dignissimos laborum fugit. Atque porro dolores ut autem dolores.'),(80,80,80,'soluta','nulla','http://www.feestgreenholt.com/','Culpa nam doloremque sint cum tempore voluptates. Ut enim tempora autem quia a. Quidem consequuntur et iusto. Quia magni et minima sed ex non et.'),(81,81,81,'ea','dicta','http://www.bashirian.com/','Est quod consequuntur assumenda corrupti qui nihil odio. Occaecati consequuntur labore sed et. Natus nostrum animi tempora aut dicta consequatur.'),(82,82,82,'molestias','nesciunt','http://www.gottlieb.org/','Omnis iste dolor quas id. Dolore vero eligendi eaque fuga voluptates. Ut autem nesciunt soluta et qui aut veritatis.'),(83,83,83,'et','est','http://www.veumyundt.biz/','Quaerat odit laborum omnis suscipit. Aperiam quam vero rerum aperiam rerum voluptas. Quo et cumque repellat deserunt nulla sit. Sunt repellendus quae provident dignissimos.'),(84,84,84,'dolorem','neque','http://huels.net/','Ut blanditiis natus dolores earum voluptatem. Accusantium tempora eaque expedita rerum odio. Natus et illum sit saepe atque. Laborum impedit illo ut esse.'),(85,85,85,'beatae','facere','http://www.watsica.info/','Iste illum velit animi nulla maiores sint quis. Earum voluptatem omnis minus cupiditate ut fuga quia. Ducimus et incidunt ullam et dolorum porro sit. Itaque ut non facere iusto accusantium necessitatibus.'),(86,86,86,'dicta','accusamus','http://von.biz/','Voluptatum aut dolorem sit neque. Dolorem nihil aut dolores omnis. Odit asperiores est consequatur ea ipsa minima. Quas illo sunt pariatur explicabo et sed deleniti dolorem. Odit atque deleniti modi ut sequi provident autem et.'),(87,87,87,'nostrum','dolorem','http://www.runolfsson.net/','Nulla laboriosam quisquam rerum eaque ut nobis. Nemo voluptas cumque aspernatur quia. Placeat sequi facilis et omnis dicta ipsum dicta. Nemo et occaecati et est libero velit.'),(88,88,88,'ducimus','consectetur','http://www.willms.biz/','Et sed a hic. Sunt debitis placeat ex vitae veritatis deleniti voluptatem. Qui est architecto sed hic. Deserunt nemo possimus ex sunt eligendi.'),(89,89,89,'ullam','sed','http://dietrich.com/','Fugit tempore ab illo ullam et saepe quas. Iusto excepturi dolores voluptatem voluptates non. Harum consequatur est sed aut tempora et. Ipsum ullam asperiores placeat est animi in. Eius magnam totam accusamus sunt non et cum.'),(90,90,90,'recusandae','consequatur','http://wiza.com/','Aspernatur nesciunt numquam quam. Ut optio qui quo tenetur. Quis dolorem magni omnis sed suscipit voluptatem ipsum.'),(91,91,91,'eos','dolor','http://mueller.net/','Debitis non cum a cupiditate asperiores eos. Consequatur rerum quaerat commodi in et. Rerum libero sed voluptatibus minus nihil et culpa. Modi dolorum perferendis perspiciatis repudiandae ut voluptatem dolorem. Ratione voluptatum quaerat eaque suscipit iure magnam qui.'),(92,92,92,'ipsum','libero','http://wehner.biz/','Ullam voluptatem atque autem distinctio omnis deserunt. Necessitatibus dolorum at nesciunt aspernatur ipsum. Aut eligendi est ut hic debitis. Id quidem non nulla ex quia facilis.'),(93,93,93,'ut','dolore','http://bergnaum.com/','Officia eveniet tempore alias similique quo occaecati ducimus sunt. Expedita velit molestiae ab facere. Libero provident ut nesciunt illo aliquam. Hic dicta doloremque asperiores suscipit nam.'),(94,94,94,'in','et','http://veummoen.com/','Dolore tempore architecto ipsam omnis dolores. Ea et voluptatem sunt fuga culpa illo voluptates et. Et placeat est dignissimos a aut. Nihil sint corrupti consectetur inventore.'),(95,95,95,'nisi','et','http://parisian.com/','Ea est sed dolorem dolore vel et numquam deserunt. Harum ut et maiores numquam rerum rerum. Veritatis quisquam aut atque voluptatem. Laudantium odio quasi molestias libero blanditiis.'),(96,96,96,'fugit','neque','http://carter.com/','Repellendus suscipit consequatur velit. Nihil odit repudiandae sunt illum accusantium. Minima repellat voluptates eum a delectus consequatur fuga unde. Modi ea quas reiciendis ratione perspiciatis rerum.'),(97,97,97,'dolores','perspiciatis','http://larsoncorwin.biz/','Ad expedita deleniti enim vitae id. Vero quod asperiores commodi sint qui.'),(98,98,98,'repudiandae','reiciendis','http://schaden.net/','Amet et rerum est nam. Non eos nisi non fugit fugit minima. Quasi assumenda ducimus odit officia ut. Quis tempore voluptatem rem voluptate soluta cupiditate amet. Iusto quia amet quod harum excepturi.'),(99,99,99,'voluptas','reprehenderit','http://bosco.biz/','Voluptatem nisi est qui doloremque. Quia omnis debitis nulla pariatur distinctio consequuntur natus. Delectus ut tenetur quia fuga illo eos.'),(100,100,100,'ad','et','http://price.info/','Officia nihil placeat et. Asperiores pariatur magni culpa ut tempora minima. Explicabo dolore tempore iure cupiditate in atque facere velit. Voluptate accusamus dolor aut sit quia.');
/*!40000 ALTER TABLE `Webinars` ENABLE KEYS */;
UNLOCK TABLES;

--
-- Table structure for table `accounts`
--

DROP TABLE IF EXISTS `accounts`;
/*!40101 SET @saved_cs_client     = @@character_set_client */;
/*!40101 SET character_set_client = utf8 */;
CREATE TABLE `accounts` (
  `user_id` bigint(20) unsigned NOT NULL,
  `account_id` bigint(20) unsigned NOT NULL,
  `name_webinar` varchar(100) COLLATE utf8mb4_unicode_ci DEFAULT NULL COMMENT '??? ????????',
  `programs` varchar(200) COLLATE utf8mb4_unicode_ci DEFAULT NULL COMMENT '?????????',
  `events` varchar(250) COLLATE utf8mb4_unicode_ci DEFAULT NULL COMMENT '???????????',
  PRIMARY KEY (`user_id`),
  KEY `account_id` (`account_id`),
  CONSTRAINT `accounts_ibfk_1` FOREIGN KEY (`user_id`) REFERENCES `users` (`id`) ON DELETE CASCADE ON UPDATE CASCADE,
  CONSTRAINT `accounts_ibfk_2` FOREIGN KEY (`account_id`) REFERENCES `profiles` (`user_id`) ON DELETE CASCADE ON UPDATE CASCADE
) ENGINE=InnoDB DEFAULT CHARSET=utf8mb4 COLLATE=utf8mb4_unicode_ci;
/*!40101 SET character_set_client = @saved_cs_client */;

--
-- Dumping data for table `accounts`
--

LOCK TABLES `accounts` WRITE;
/*!40000 ALTER TABLE `accounts` DISABLE KEYS */;
INSERT INTO `accounts` VALUES (1,1,'tempora','quia','sunt'),(2,2,'facere','nulla','consequatur'),(3,3,'nihil','ut','aliquid'),(4,4,'non','maiores','consequatur'),(5,5,'est','delectus','doloribus'),(6,6,'perferendis','explicabo','omnis'),(7,7,'ea','animi','est'),(8,8,'quam','debitis','laborum'),(9,9,'maiores','qui','voluptates'),(10,10,'deleniti','assumenda','at'),(11,11,'corporis','doloribus','possimus'),(12,12,'voluptatem','et','consequatur'),(13,13,'et','eum','fuga'),(14,14,'illo','laudantium','laborum'),(15,15,'mollitia','at','quibusdam'),(16,16,'distinctio','aspernatur','nihil'),(17,17,'tenetur','aut','similique'),(18,18,'numquam','voluptates','dicta'),(19,19,'ab','esse','quibusdam'),(20,20,'aut','facilis','deleniti'),(21,21,'ut','quibusdam','qui'),(22,22,'qui','sunt','quaerat'),(23,23,'consequatur','aut','illo'),(24,24,'quae','eum','qui'),(25,25,'tenetur','debitis','similique'),(26,26,'non','magni','voluptatem'),(27,27,'officiis','doloremque','at'),(28,28,'dolorem','debitis','itaque'),(29,29,'velit','officia','eum'),(30,30,'dolorem','et','sit'),(31,31,'porro','tempore','quis'),(32,32,'omnis','facere','aliquid'),(33,33,'quia','deleniti','ut'),(34,34,'rerum','corrupti','molestiae'),(35,35,'quia','est','modi'),(36,36,'et','voluptas','officia'),(37,37,'labore','nulla','doloremque'),(38,38,'architecto','eum','error'),(39,39,'nesciunt','voluptas','repellat'),(40,40,'quisquam','necessitatibus','veritatis'),(41,41,'quidem','placeat','totam'),(42,42,'sed','nam','est'),(43,43,'facilis','dolores','quisquam'),(44,44,'minima','eligendi','distinctio'),(45,45,'est','rerum','magnam'),(46,46,'vel','asperiores','harum'),(47,47,'rem','similique','adipisci'),(48,48,'consequatur','velit','aperiam'),(49,49,'voluptates','ut','vel'),(50,50,'rerum','labore','quam'),(51,51,'iste','repellat','consequatur'),(52,52,'ut','quod','dolorem'),(53,53,'voluptatum','et','tempore'),(54,54,'cum','ipsam','dolores'),(55,55,'quaerat','est','nesciunt'),(56,56,'quia','sit','quia'),(57,57,'quas','minus','omnis'),(58,58,'culpa','incidunt','dolor'),(59,59,'pariatur','veritatis','numquam'),(60,60,'atque','minus','cupiditate'),(61,61,'eum','et','quas'),(62,62,'neque','ut','iusto'),(63,63,'occaecati','aut','sit'),(64,64,'corporis','nam','vero'),(65,65,'accusamus','totam','sint'),(66,66,'qui','corrupti','voluptatem'),(67,67,'asperiores','et','minima'),(68,68,'cum','minima','et'),(69,69,'perspiciatis','fugit','ut'),(70,70,'sapiente','sunt','eaque'),(71,71,'a','et','illo'),(72,72,'et','aliquam','sequi'),(73,73,'hic','porro','et'),(74,74,'quod','sit','et'),(75,75,'ipsam','autem','odio'),(76,76,'ut','sapiente','quia'),(77,77,'reiciendis','ut','minima'),(78,78,'id','sit','autem'),(79,79,'doloremque','eveniet','vel'),(80,80,'hic','qui','quia'),(81,81,'consequatur','iste','ratione'),(82,82,'labore','provident','veritatis'),(83,83,'sit','aut','doloremque'),(84,84,'et','aut','esse'),(85,85,'at','voluptatum','delectus'),(86,86,'est','velit','cumque'),(87,87,'labore','nemo','qui'),(88,88,'reiciendis','eius','animi'),(89,89,'aspernatur','ratione','voluptatem'),(90,90,'repudiandae','sunt','vitae'),(91,91,'et','sit','dolore'),(92,92,'quia','sequi','ad'),(93,93,'delectus','autem','omnis'),(94,94,'perspiciatis','non','sint'),(95,95,'aut','cumque','quia'),(96,96,'dolorum','fugiat','voluptatem'),(97,97,'nisi','doloribus','aut'),(98,98,'magnam','et','rerum'),(99,99,'id','consequatur','facere'),(100,100,'sint','pariatur','qui');
/*!40000 ALTER TABLE `accounts` ENABLE KEYS */;
UNLOCK TABLES;

--
-- Table structure for table `career`
--

DROP TABLE IF EXISTS `career`;
/*!40101 SET @saved_cs_client     = @@character_set_client */;
/*!40101 SET character_set_client = utf8 */;
CREATE TABLE `career` (
  `id` bigint(20) unsigned NOT NULL AUTO_INCREMENT,
  `name` varchar(180) COLLATE utf8mb4_unicode_ci DEFAULT NULL,
  `body` text COLLATE utf8mb4_unicode_ci DEFAULT NULL,
  PRIMARY KEY (`id`),
  KEY `career_name_idx` (`name`)
) ENGINE=InnoDB AUTO_INCREMENT=101 DEFAULT CHARSET=utf8mb4 COLLATE=utf8mb4_unicode_ci;
/*!40101 SET character_set_client = @saved_cs_client */;

--
-- Dumping data for table `career`
--

LOCK TABLES `career` WRITE;
/*!40000 ALTER TABLE `career` DISABLE KEYS */;
INSERT INTO `career` VALUES (1,'quia','Id dolorem quia quod. Aliquid in porro voluptatum vel error corrupti. Nemo voluptatem possimus ullam laboriosam.'),(2,'cumque','Odit soluta sint vero tenetur laborum. Dolorum dolores est incidunt quas ut et. Sunt et cupiditate inventore odit.'),(3,'et','Ut hic illo nisi voluptatibus quia ipsam. Fuga esse consequatur sint non magni. Esse et ea amet hic est. Commodi voluptas quia qui corrupti eum ut laborum veniam.'),(4,'sit','Atque totam nulla ut magnam eligendi. Maxime et voluptatibus ut qui et. Cupiditate necessitatibus voluptatem maxime tempore.'),(5,'non','Et accusamus iste voluptatem harum voluptas porro. Sunt reiciendis aliquid eos eligendi. Velit quas incidunt quia numquam enim voluptas id. Veniam qui commodi voluptatem aliquid velit id itaque.'),(6,'dolor','Et delectus delectus aliquam inventore id eius sit. Ex nobis quaerat temporibus hic ex voluptatem sunt. Ut tempore quam dolores et provident consequatur sed. Dolorem et nesciunt consequatur corporis.'),(7,'ab','Et ea eligendi officia laudantium nam. Molestiae sed aliquid omnis optio doloribus. Aspernatur ipsum aliquid in et. Et facere eaque magnam nostrum repellat.'),(8,'repudiandae','Mollitia et quod cupiditate consequatur. Incidunt et facilis omnis. Dolore voluptatem explicabo molestiae. Est velit sequi incidunt totam quae.'),(9,'maiores','Tenetur incidunt et vel earum earum. Molestiae voluptate repellendus quia et saepe et expedita.'),(10,'pariatur','Facilis amet vel repellendus. Qui molestiae quia consequatur nam voluptas non laborum enim. Rerum voluptatem nobis occaecati nihil culpa repudiandae esse.'),(11,'et','Sapiente adipisci debitis quas enim facilis animi mollitia. Hic hic itaque sed cupiditate. Excepturi et voluptas provident numquam adipisci. Dolor excepturi corporis aut pariatur aut explicabo quaerat.'),(12,'tempore','Molestiae eos in debitis incidunt non optio. Perspiciatis autem minima sit. Pariatur veritatis veritatis suscipit delectus pariatur voluptatem id. Occaecati repudiandae similique blanditiis et deleniti.'),(13,'officiis','Qui repellendus alias itaque nulla nesciunt vel iusto. Tempora et eaque voluptatum sit nulla. Pariatur nobis minus et. Rerum ut optio fuga officia.'),(14,'voluptatem','Est pariatur atque ea explicabo rerum reiciendis. Tenetur ut molestiae voluptatem et ratione tempore. Nesciunt tenetur iste vitae quisquam. Molestiae in dicta dolor ducimus voluptates.'),(15,'molestias','Dolor in et deleniti sit eaque porro illo ut. Et magni qui ipsa doloremque aliquam. Quasi est non et odio. Aut dolor eum quo tempore voluptate commodi impedit.'),(16,'voluptates','Quae quaerat quia sint non fugit. Error quis autem rerum enim laudantium accusamus doloremque. Aperiam laboriosam fuga ipsam voluptatem perspiciatis molestiae.'),(17,'error','Iusto quaerat vel quidem illo fugit vel et. Officiis et numquam repellat consequuntur. Eum distinctio consequatur deleniti vero quia non eveniet.'),(18,'quo','Qui veniam excepturi saepe id deserunt esse aliquid voluptates. Quam nesciunt ipsum consequatur non. Est expedita quo quod reiciendis cumque autem aut consequatur.'),(19,'sed','Consequatur aut magni necessitatibus consequatur. Quas corrupti pariatur expedita ut. Qui sint quibusdam aperiam libero et. Eum sit et quis minus beatae inventore nulla.'),(20,'quia','Facere vel voluptas ipsa provident. Voluptatem iste rerum vel illum sit asperiores facilis neque. Fuga expedita in fugit maiores. Dolorem nemo eos unde qui tempora odio soluta.'),(21,'nemo','Placeat iusto fuga id illum. Praesentium nesciunt id temporibus officiis quia distinctio numquam. Id officia et cum odit occaecati voluptas deserunt. Qui velit dolore quaerat saepe non animi est.'),(22,'ipsum','Similique velit et harum repudiandae. Saepe velit eos ab. Natus cumque quia quos sunt. Eum illo est itaque velit et.'),(23,'natus','Ipsam laudantium dolorem neque. Debitis repellat molestiae corrupti sunt iusto in quam saepe. Dolorum rerum atque quidem.'),(24,'provident','Harum facilis quo fugit. Facilis cupiditate doloribus ducimus sunt sunt. Adipisci debitis enim aut consectetur odit voluptatem rerum et. Deleniti reprehenderit et quasi consequatur.'),(25,'sit','Mollitia aut asperiores error iste suscipit dolore. Dolorem ea nihil molestias mollitia ullam ut. Neque adipisci dolorem sunt autem et ducimus fugit illum. Sapiente consequatur voluptatem voluptatem.'),(26,'explicabo','Quia nulla accusantium et inventore perspiciatis. Non architecto ratione a sit ea. Id voluptatem inventore quia aut ut praesentium. Molestiae eveniet numquam at id. Nostrum ea provident debitis suscipit blanditiis illum rerum quia.'),(27,'reiciendis','Ut qui est possimus dolor iusto. Et nobis est blanditiis odit suscipit necessitatibus eligendi. Voluptatum ad expedita et. Velit unde animi rerum est officiis sed et ut.'),(28,'ullam','Sed hic ipsum aut voluptas nemo minima sed. Dignissimos quia enim provident perspiciatis omnis illo perspiciatis. Officia adipisci nobis et pariatur animi eos.'),(29,'laudantium','Sit quo nesciunt ratione deleniti aut eum consequatur. Repellendus omnis delectus autem ad quaerat atque. Aut sapiente numquam voluptas molestias quia et repellendus pariatur. Autem a necessitatibus distinctio qui quis molestias esse voluptate.'),(30,'doloremque','Blanditiis aut minus fuga aut sed tenetur assumenda consequatur. Quia tenetur mollitia ut non. Doloribus et soluta ut maiores cupiditate.'),(31,'libero','Ut voluptate quam in sint. Dolor omnis occaecati vel laboriosam quod error qui molestiae.'),(32,'voluptas','Maiores necessitatibus earum voluptatibus laudantium temporibus veritatis corporis. Quis et necessitatibus magni tempore velit quasi vel. Id nulla velit aspernatur et. Perferendis aut molestiae itaque alias deleniti.'),(33,'asperiores','Amet aut quam fugit error sit incidunt. Eos aut molestias alias optio. Assumenda provident enim aut quisquam ut cupiditate repellat. Eum non facilis dolorem tempora iste. Accusamus sit doloribus delectus dolorem ut dolores tempora.'),(34,'sapiente','Sint eum dolor explicabo assumenda optio est. Quibusdam voluptatem inventore ut iusto aut nisi. Qui praesentium sit dignissimos quae quia consequatur corrupti. Et adipisci est dolorum et ratione. Vel qui voluptatibus impedit quo vero at sed.'),(35,'quia','Earum inventore nihil dolorem. Ex dolor nihil reprehenderit velit. Amet natus nostrum rerum molestiae et qui adipisci.'),(36,'similique','Aut blanditiis aliquam voluptatem molestiae quia culpa minima. Ut rerum nesciunt consequatur accusamus officiis similique dolore. Veniam consequatur totam nobis occaecati modi. Sint omnis debitis libero doloremque.'),(37,'suscipit','Voluptatibus perspiciatis tenetur enim dolores dolor. Quidem aut maiores blanditiis iure odit ea. Incidunt et consectetur quod harum ut. Voluptates deserunt delectus sint.'),(38,'est','Neque itaque aut totam perspiciatis ad autem rerum. Repellat distinctio ratione omnis natus voluptatem. Cumque saepe reprehenderit occaecati a dolorum.'),(39,'suscipit','Inventore distinctio eos voluptas aut autem enim vel. Et ullam consequatur tenetur consequatur.'),(40,'nisi','Tempora temporibus et excepturi esse cum eaque distinctio. Aut eos repellat quasi iusto. Quo nisi eum autem mollitia libero laboriosam. Ipsum facere magnam omnis non voluptatem.'),(41,'ut','Sequi adipisci excepturi et. Et molestiae necessitatibus dolores. Eum quisquam quo nemo sed consequatur est incidunt. Accusantium fugiat reiciendis dolorem.'),(42,'qui','Odit fugit atque qui fugiat molestiae omnis. Eaque rerum voluptas quod. Et expedita eveniet et qui omnis quae velit maiores.'),(43,'quasi','Laborum est voluptates eveniet voluptatum. Qui ipsam at molestiae nisi voluptas. Sint ut labore consequatur ipsa sint harum commodi. Voluptates error dolore natus ad at.'),(44,'vitae','Autem repellat dolor sed impedit eos. Inventore amet officiis laboriosam necessitatibus. Repudiandae tenetur veritatis earum laboriosam.'),(45,'ut','Id veritatis quia dolor incidunt. Deserunt dolores laudantium aut quis id. Numquam facilis animi nihil nobis est quae. Voluptas ut et sed recusandae.'),(46,'quae','Hic voluptatem facilis odio. Omnis voluptas harum qui distinctio. Impedit molestias sapiente consequatur. Est voluptatem nihil neque nihil eum porro.'),(47,'enim','Nulla delectus laudantium similique consequatur et vero. Commodi ducimus voluptas explicabo vel error beatae nesciunt. Pariatur aut magni quas corrupti corporis nihil sequi. Est ex nostrum praesentium minus omnis.'),(48,'in','Perferendis cum aut dolores debitis distinctio quia. Voluptatem aspernatur earum nihil et. Itaque placeat quo consectetur molestiae maiores officia. Nobis architecto rem debitis et.'),(49,'id','Odio rerum veniam inventore voluptatem in. Aperiam aut dolorem iste quo ducimus tempore. Facere eos praesentium numquam. At tenetur molestiae nihil impedit.'),(50,'sed','Deleniti eos fugit velit placeat. Earum nobis delectus ut repudiandae ut unde.'),(51,'laborum','Cupiditate ab eaque in non maiores impedit quo. Libero non sed rem reiciendis et error deleniti. Corporis repudiandae autem id odio voluptas et rem. Iste soluta consequatur cum possimus quaerat atque dolorem.'),(52,'recusandae','Eum sint molestiae ipsam officiis. Eum et rem voluptatem et. Nesciunt illo illo voluptas aspernatur saepe.'),(53,'facilis','Unde aspernatur sed possimus repudiandae. Non est molestiae laudantium et labore exercitationem. Debitis aliquam veritatis est.'),(54,'expedita','Dolores repellat ea est aperiam. Tempora sed tempore similique ea est aut aut. Consequatur repellendus qui reiciendis fuga eos et sit.'),(55,'aut','Impedit aliquid doloribus est deserunt delectus consequatur aut. Vero asperiores ex ad tempore eius sed. Ut architecto commodi illo earum error. Enim ipsa et molestiae quis est quidem.'),(56,'dolorem','Soluta libero et nesciunt esse perspiciatis fugit quisquam. Atque dignissimos neque sunt animi consequatur doloremque alias. Recusandae natus consectetur quia similique. Et quae sed dolores praesentium ea consequatur quo mollitia.'),(57,'delectus','Odio et magni amet asperiores. Praesentium excepturi quia assumenda eos rem.'),(58,'velit','Quaerat quasi quaerat et vero et ducimus et. Culpa velit incidunt facilis. Iste doloremque quibusdam in itaque. Praesentium dolore minima fugiat aspernatur est quidem et.'),(59,'facilis','Et aut voluptatem occaecati perspiciatis consectetur aliquam velit. Doloribus molestias tenetur sunt quisquam autem quo sed quae. Sunt atque sapiente optio rem atque dicta.'),(60,'atque','Cum modi culpa quo facere. Incidunt et unde in et sit. Nam consequuntur molestiae harum perspiciatis qui nesciunt aut.'),(61,'facere','Rerum veritatis et sed id numquam excepturi expedita qui. Commodi doloremque eius ratione sequi repudiandae totam.'),(62,'et','Quis maiores facere inventore ut laborum soluta. Velit dignissimos quia quasi enim delectus dolor non. Itaque aliquid mollitia asperiores sint deleniti dolorem sint.'),(63,'a','Aut quos doloribus modi fugit quo ad dicta. Omnis amet rerum ad fugiat quidem. Dignissimos autem eum nostrum maiores saepe rerum voluptatibus. Iste sit sed omnis hic voluptatem.'),(64,'sapiente','Qui repellat quas maxime ipsum. Modi odio aperiam iste quia et sunt perferendis. Et veniam sapiente quis autem nemo voluptate.'),(65,'est','Ipsa ea ut dicta magnam est. Tempora vero occaecati consequuntur ullam rerum et. Quos odit nisi vitae.'),(66,'numquam','Autem aut vel eaque accusantium in error praesentium eos. Vel est libero commodi. Sed soluta perferendis eaque ipsum officia.'),(67,'dolor','Neque nihil inventore incidunt vero est. Eaque autem quaerat aut quis et impedit aut dolor. Quas fugit possimus eos expedita molestias nam. Aut quibusdam id reiciendis et.'),(68,'ut','Accusamus possimus et est consequuntur aliquid at qui. Non a quos voluptatum odit. Magni unde tenetur consequatur et saepe. Ullam voluptatibus blanditiis a ipsum et. Qui dolores voluptatibus est voluptates sint atque.'),(69,'et','Minus quis enim doloribus non blanditiis. Ipsum voluptatem commodi non. Ut impedit deleniti eum consequatur et maxime aut.'),(70,'et','Temporibus voluptates sint ut et. Voluptas voluptatibus repellendus sed sed. Dolores beatae mollitia quidem odit iure repudiandae. A accusamus a atque adipisci non quod.'),(71,'sed','Ullam corrupti dolorem dolor. Est est id mollitia quia. Magnam assumenda debitis et nisi.'),(72,'nihil','Fugiat sint nesciunt magnam deserunt voluptatum quia. Sed sint eius cupiditate odio aliquam. Quo aut sint repellat odio quos. Libero earum commodi magnam quidem itaque vero.'),(73,'laborum','Nostrum laborum ab ea. Sint voluptatem quibusdam minus consequatur. Alias eos doloremque enim dolores.'),(74,'accusamus','Nulla qui repellendus sit esse id. Sequi nobis saepe architecto eos. Repellat ea rem perferendis sed autem consectetur ut. Incidunt quia ut cum.'),(75,'ab','Et laudantium et at est. Et quibusdam facilis cupiditate aut. Laboriosam quis molestias numquam nihil qui iusto sunt ipsa.'),(76,'maiores','Adipisci iure voluptas fugiat quidem adipisci. Consequuntur reiciendis vitae consequatur illo nisi in. Possimus ad aliquid et placeat.'),(77,'consequatur','Omnis occaecati fugiat nesciunt nesciunt autem expedita placeat et. Voluptatem repellat vitae rerum beatae facere cumque quos quia.'),(78,'hic','Reiciendis cupiditate rem sed inventore est fugit. Accusamus quia error assumenda sit cumque. Officia harum provident quia ut esse voluptatibus rerum. Cumque ut qui debitis et consequatur voluptatum.'),(79,'voluptate','Officiis reprehenderit autem omnis nam qui et repellat. Aut voluptas vero tempora voluptatem aliquam nostrum quia. Officia quam quisquam quidem aspernatur eveniet ad neque.'),(80,'nesciunt','Quis voluptate autem repudiandae quis. Sit rerum ut sed qui. Consequatur illo quaerat maxime vel fuga qui nemo recusandae. Et sed mollitia molestiae exercitationem unde.'),(81,'at','Nobis expedita qui voluptate. Sunt sit odio et saepe dolores qui dolor. Id voluptatibus autem quisquam qui quis.'),(82,'molestiae','Vel repellat nostrum odio ut magnam consequatur. Est modi eius pariatur. Quasi aperiam officiis quia quia et.'),(83,'dicta','Magni temporibus necessitatibus fugit voluptatum. Sint qui aut doloribus deserunt laboriosam. Et ullam voluptates autem nisi.'),(84,'nobis','Esse omnis delectus ipsa commodi ea hic optio dolores. Quia voluptatibus accusantium ut necessitatibus quibusdam tenetur aut. Sit molestias libero minus est nobis est.'),(85,'iure','Doloribus culpa aliquid ut veniam quidem et. Similique similique illum quaerat tenetur culpa aut. Reiciendis corporis rerum ducimus totam quod.'),(86,'qui','Modi doloribus eligendi expedita dolorum et sequi. Adipisci assumenda optio ipsa fugiat nihil consequatur. Neque sit qui ipsum fugiat repellendus pariatur. Qui autem blanditiis dolores sunt ea.'),(87,'et','Voluptate mollitia dolore ex earum labore ducimus molestiae. Veniam eveniet corporis blanditiis ut. Nobis facilis ipsa laboriosam dignissimos delectus.'),(88,'voluptatum','Aspernatur animi repudiandae similique ullam veritatis voluptatibus dolorum. Minima ut libero accusamus tenetur. Ea iste ut magni. Tenetur placeat ab a minus qui nihil aliquid. Non dolorum dolorem est necessitatibus aperiam.'),(89,'repellendus','Praesentium maiores earum modi eaque cupiditate et est. Ut laboriosam dolore expedita sequi consequatur qui corporis. Laboriosam error harum dicta quaerat est in sunt. Consequatur quidem facilis eaque aliquam omnis facere. Voluptas molestiae possimus minus atque aut dolor qui.'),(90,'et','Magnam rerum quos ducimus libero pariatur quasi. Nihil blanditiis molestiae ducimus veniam laboriosam iure. Dolor quam doloremque ut et aliquid. Omnis cupiditate vero ut et.'),(91,'ipsum','Dolores at hic quisquam voluptatem facilis nostrum. Occaecati quae deleniti quo ullam. Distinctio blanditiis consectetur in voluptatem. Quia dolor voluptatibus illo fugiat.'),(92,'at','Architecto saepe qui vero aut et quidem voluptatum aut. Consectetur illo dolores facere aliquam voluptatem. Aut quisquam doloremque ea voluptatem ut ut.'),(93,'ipsam','Reiciendis magni placeat quia amet hic saepe. Quaerat minima est ullam sit ut amet. Modi fugit non voluptas accusantium consequatur dolore in.'),(94,'consequatur','In ullam magni cupiditate. Sed quam sed autem incidunt voluptatem. Consequatur fugiat consectetur ducimus velit ipsum.'),(95,'voluptatibus','Nobis modi quibusdam aut et. Fuga neque quas nisi error rerum sapiente culpa. Ullam deserunt pariatur minima est voluptatum beatae ipsum. Doloremque facilis aperiam veritatis quis sunt.'),(96,'voluptatem','Expedita et maxime magni voluptas unde. Quis et odio sunt enim cum illum. Cupiditate illo aut iste sapiente pariatur.'),(97,'recusandae','Aut alias suscipit fuga rerum minus quibusdam. Voluptates fuga tenetur cumque aut impedit aspernatur.'),(98,'enim','Rem voluptatem omnis recusandae quod ad autem consequatur. Sunt maxime quod qui voluptatem quos excepturi. Ut sapiente commodi vel quos eveniet.'),(99,'sint','Tempore error et nulla praesentium. Nostrum porro eveniet ea consequuntur molestiae esse autem. Enim velit aut enim voluptatem similique ipsa. Possimus molestias quos assumenda et tempore veritatis.'),(100,'et','Quo deserunt officia accusamus veniam maxime omnis molestiae voluptas. Libero quisquam neque illum suscipit. Qui non voluptates odit.');
/*!40000 ALTER TABLE `career` ENABLE KEYS */;
UNLOCK TABLES;

--
-- Table structure for table `courses`
--

DROP TABLE IF EXISTS `courses`;
/*!40101 SET @saved_cs_client     = @@character_set_client */;
/*!40101 SET character_set_client = utf8 */;
CREATE TABLE `courses` (
  `id` bigint(20) unsigned NOT NULL AUTO_INCREMENT,
  `users_id` bigint(20) unsigned NOT NULL,
  `name_courses` varchar(100) COLLATE utf8mb4_unicode_ci DEFAULT NULL COMMENT '???????? ?????',
  `description` varchar(300) COLLATE utf8mb4_unicode_ci DEFAULT NULL COMMENT '???????? ?????',
  `duration` varchar(50) COLLATE utf8mb4_unicode_ci DEFAULT NULL COMMENT '????????????????? ?????',
  PRIMARY KEY (`id`),
  KEY `users_id` (`users_id`),
  CONSTRAINT `courses_ibfk_1` FOREIGN KEY (`users_id`) REFERENCES `users` (`id`) ON DELETE CASCADE ON UPDATE CASCADE
) ENGINE=InnoDB AUTO_INCREMENT=101 DEFAULT CHARSET=utf8mb4 COLLATE=utf8mb4_unicode_ci;
/*!40101 SET character_set_client = @saved_cs_client */;

--
-- Dumping data for table `courses`
--

LOCK TABLES `courses` WRITE;
/*!40000 ALTER TABLE `courses` DISABLE KEYS */;
INSERT INTO `courses` VALUES (1,1,' Системный анализ','Id vel impedit voluptatem non culpa culpa. Nam quisquam repellat doloribus dolorum consequatur.','15'),(2,2,' Искусственный интелект','Omnis et impedit reiciendis dolorem. Eum soluta adipisci ex. Enim ut eaque ipsa non ratione blanditiis omnis. Voluptas voluptate quidem dolor voluptatem veritatis maxime omnis animi.','16'),(3,3,' Продуктовая аналитика','Quibusdam et est consequatur consequatur voluptas. Numquam repudiandae quos eos. Possimus quod quis velit molestiae. Velit et voluptate unde culpa.','16'),(4,4,' Тестирование','Veritatis impedit ipsa aut vel aperiam iusto laboriosam aut. Et quia ipsum voluptatem voluptates voluptatem iste.','13'),(5,5,' Web разработка','Hic culpa quo non ipsum dolores placeat et molestiae. Qui itaque voluptatum aut totam. Enim magni totam officiis sit. Dolore veritatis qui quisquam nesciunt.','12'),(6,6,'Бизнес-анализ','Provident qui debitis repellat id et molestiae. Voluptatibus voluptatem quae eum amet quia at sequi vero. Asperiores et qui rerum fugit ipsum. Veniam vero laboriosam et dolorem ea voluptatum.','7'),(7,7,' Тестирование','Unde aut fugiat ratione. Corporis aut quis quis alias animi quia veniam laborum. Sed placeat optio cumque quas sit et vitae. Laboriosam doloribus sed dolorem qui natus earum accusantium.','9'),(8,8,' Big data','Quis dicta quia repellat aspernatur nisi. Voluptatem debitis laboriosam nihil expedita est ut aut nisi. Tempore dolorem ut quia rerum nemo et laboriosam. Voluptatem sapiente rerum fugiat neque vero aut.','10'),(9,9,'Бизнес-анализ','Magnam molestias placeat eos quae ut. Iusto ut aut et fugiat et. Voluptatem aut aut saepe blanditiis voluptas provident laudantium. Est perspiciatis mollitia aliquam totam quia.','15'),(10,10,'Бизнес-анализ','Libero ea ut quia sed assumenda. Incidunt omnis odio placeat id. Voluptas libero consequatur iusto odit vero qui eaque. Incidunt dolores vel dolores voluptas nulla cupiditate distinctio.','14'),(11,11,' Продуктовая аналитика','Est sapiente ut nihil laudantium reprehenderit libero similique. Earum et rerum illo aut ipsum qui aperiam et. Veritatis deleniti at aut maxime et.','11'),(12,12,' Продуктовая аналитика','Possimus rerum reiciendis eos. Rerum expedita possimus culpa aut ipsa tempora. Atque excepturi minima illum iste.','11'),(13,13,' Тестирование','Nisi magnam quo officia ad unde labore. Cum rerum suscipit et similique est eius. Voluptatum qui rerum consequatur aut. Necessitatibus distinctio soluta labore perspiciatis.','7'),(14,14,' Искусственный интелект','Sint dolorem laborum quasi dolores. Et reprehenderit rerum aperiam neque est. Perferendis sit unde modi laborum ullam deleniti.','10'),(15,15,' Дизайн','Laudantium ad sit eveniet. Sed qui reiciendis velit officia. Non reiciendis fuga maiores facere blanditiis. Molestiae qui non quo ipsa commodi consequatur nisi dolor.','13'),(16,16,'Бизнес-анализ','Et laborum sint dolorum. Et maxime eveniet voluptatem praesentium. In nobis nulla incidunt illum alias est. Et et quis magni magnam facilis ut.','12'),(17,17,' Искусственный интелект','Sit excepturi nihil omnis quis suscipit asperiores minus. Quae maxime quasi animi et quo dolor qui. Ut aut quis rerum optio quod voluptas. Assumenda ut reiciendis quo nobis.','7'),(18,18,' Дизайн','Enim iusto modi voluptas modi odio. Aspernatur quasi doloribus culpa tempora consequatur necessitatibus. Doloremque quia et aut dolores est quisquam. Tempora ipsam et temporibus numquam qui eum.','14'),(19,19,' Дизайн','Inventore voluptas est ut et sint et quae. Sed dolorem amet vero non. Culpa totam quod voluptas accusantium qui odit laudantium. Est magnam ab vero sint rerum.','11'),(20,20,' Искусственный интелект','Quaerat non doloribus quasi deleniti amet temporibus eos. Aut consequatur nobis ratione distinctio mollitia nam. Nulla aut saepe neque molestiae dolorem. Amet tenetur rerum cupiditate debitis.','9'),(21,21,' Дизайн','Nemo sint molestias voluptatem id qui. Possimus dignissimos odit ut facere ipsam. Similique quo omnis fugiat officiis.','12'),(22,22,' Искусственный интелект','Illo rerum veniam voluptas et delectus. Aut maxime nesciunt illum et facilis quia fugit temporibus. Debitis cum consectetur delectus numquam. Odit odio cum fugiat qui doloremque.','15'),(23,23,' Тестирование','Facere et ipsa impedit. Adipisci optio sit voluptatem a. Optio architecto dolores id vitae.','10'),(24,24,' Тестирование','Amet incidunt aliquam asperiores corrupti quia. Nihil harum qui vitae ea voluptas ea quia. Accusamus impedit aut aut voluptatem cumque reiciendis.','10'),(25,25,' Продуктовая аналитика','Non harum cupiditate sed. Quibusdam ducimus commodi excepturi et. Aliquid alias optio consectetur et maxime voluptate. Perspiciatis blanditiis et architecto. Cupiditate rerum quas quisquam perferendis non eum.','16'),(26,26,'Бизнес-анализ','Porro molestias excepturi et iure velit nobis voluptas. Sit assumenda cupiditate iste exercitationem. Consequatur suscipit vitae occaecati.','9'),(27,27,'Бизнес-анализ','Consequatur id est quia voluptatem eos. Saepe quisquam consequatur doloribus voluptatem distinctio maiores. Voluptates qui architecto ut vero.','8'),(28,28,' Дизайн','Et ad magni libero voluptas officia placeat quo. Possimus ut illo labore fuga modi ut culpa. Voluptatem sint modi accusamus accusantium laborum. Et necessitatibus earum et distinctio ut exercitationem.','11'),(29,29,' Web разработка','Voluptatibus suscipit ducimus quo. Tempora velit rem doloribus ex omnis aut velit. Praesentium et harum nemo nesciunt. Iste saepe maiores adipisci aliquid dolor debitis aut.','7'),(30,30,' Системный анализ','Nulla a minus fugiat. Sint sunt doloribus nostrum amet id ea nulla sequi. Deleniti et hic rem eos et. Et praesentium labore deleniti et voluptas maiores. Deserunt repellat dignissimos est itaque facilis a et est.','8'),(31,31,' Web разработка','Quia qui quia odio consequatur quia aut optio. Quod provident totam iste voluptas impedit sunt. Expedita sint inventore tempora dolor saepe et iure.','11'),(32,32,' Системный анализ','Soluta officiis quidem sint ut. Hic consequatur magnam voluptatibus nulla doloremque. Odio eos sit magni sed et.','16'),(33,33,'Бизнес-анализ','Esse consectetur ducimus laudantium tenetur eum dolor. Sed officia voluptas veritatis quasi ut. Illo assumenda velit quod velit aut officiis laboriosam est. Aspernatur consequatur delectus exercitationem dolorem earum placeat qui.','11'),(34,34,' Искусственный интелект','Eum non voluptate nemo praesentium. Et perferendis porro deserunt omnis culpa hic excepturi commodi. Consequuntur perferendis quidem magni ut doloribus officia.','9'),(35,35,' Искусственный интелект','Est impedit enim rerum perferendis qui numquam iusto. Amet enim maxime omnis molestiae ut enim perspiciatis. Aut sint sit sed consequuntur. Aut earum molestias fugiat sint ipsa odit laboriosam.','7'),(36,36,' Дизайн','Id in voluptatum et excepturi qui quas ratione. Ratione rerum sit hic modi veritatis omnis. Quia nobis voluptatem dolorem. Saepe sit sequi rerum voluptates omnis. Quis non voluptas illum perferendis magnam.','13'),(37,37,' Продуктовая аналитика','Recusandae accusamus asperiores voluptas voluptas facilis officiis. Nulla omnis ab voluptas saepe. Vitae sint tempora et dolor dignissimos.','11'),(38,38,' Big data','Sint dolorum corrupti molestiae perspiciatis. Accusantium exercitationem inventore ab et rerum. Nesciunt magnam odio qui nulla officia nesciunt officia. Nulla voluptatem et quo qui officiis delectus labore.','16'),(39,39,'Бизнес-анализ','Consequatur aut numquam cupiditate debitis quisquam vel et. Quasi odio officiis qui dolorem facilis quia. Enim dolores voluptatem et non repudiandae.','15'),(40,40,' Искусственный интелект','Minus atque aperiam magni ea voluptatem excepturi. Autem excepturi itaque eos. Sit eaque optio qui nisi ut aut quidem. Voluptas tempora voluptatem illo corporis.','11'),(41,41,' Web разработка','Rem est dolorem nobis non perspiciatis hic. Quibusdam est iure ducimus. Corporis quam animi voluptatibus vero ab error. Et id consequatur quas porro unde.','9'),(42,42,' Дизайн','Ducimus possimus nemo maiores modi repellat. Est assumenda id delectus qui qui tempora iusto. Voluptatum et omnis exercitationem est aut in vitae ullam. Nobis sunt aut quo eos reiciendis pariatur.','12'),(43,43,' Продуктовая аналитика','Quas omnis praesentium ad praesentium voluptas fugiat. Saepe id omnis ut porro sit. Tempore et dolorem laboriosam ut omnis consequuntur tenetur. Explicabo minima autem perspiciatis officia.','16'),(44,44,' Big data','Eum reprehenderit dolores sit maxime asperiores beatae est. Dolores sunt adipisci libero eum sint vero. Aliquid voluptates nihil nesciunt accusantium quis. Praesentium totam blanditiis consequatur expedita.','6'),(45,45,' Web разработка','Quis corrupti qui assumenda ullam tempora. Occaecati neque aut voluptate laudantium aspernatur enim error. Laudantium ut explicabo recusandae deserunt possimus velit.','10'),(46,46,' Системный анализ','Culpa architecto in consequatur. Eum qui et nostrum. Earum eum similique totam asperiores et. Qui occaecati laboriosam aliquid rerum quo cum.','9'),(47,47,' Искусственный интелект','Adipisci aut iste quisquam minima. Ad ex cupiditate vero inventore. Error perspiciatis saepe consequatur nisi libero id inventore. Repellat saepe vitae reiciendis et.','11'),(48,48,' Web разработка','Velit et sunt dolores natus possimus aliquid. Autem numquam molestiae adipisci quia. Qui corporis veniam dolorem mollitia et aperiam quod. Odit et atque repellendus aut.','11'),(49,49,' Системный анализ','Autem libero vel in aspernatur fugit. Perspiciatis omnis aspernatur velit doloribus tempora possimus excepturi ducimus. Numquam voluptatem occaecati hic aut. Sit odio distinctio officiis ea.','13'),(50,50,' Системный анализ','Illum quis neque quia eum veritatis. Voluptatum voluptatem facere aut qui quo. Explicabo voluptatem facilis voluptatibus mollitia dolor dolores impedit. Fugiat amet dolores repellendus ut quibusdam itaque.','15'),(51,51,'Бизнес-анализ','Minima perspiciatis aut aut necessitatibus molestiae. Sapiente accusantium officiis quia ullam. Sunt quam excepturi nihil eveniet.','6'),(52,52,' Искусственный интелект','Ratione in consequatur placeat nisi ducimus. Est et voluptatum explicabo voluptas nulla facere. Occaecati error aut non impedit mollitia.','8'),(53,53,' Системный анализ','Inventore occaecati veniam iure. Alias libero voluptas quidem atque. Soluta quibusdam commodi est in.','16'),(54,54,' Продуктовая аналитика','Qui soluta sapiente dolorum sint earum esse dolore voluptatem. Odit ut qui ad. Sed dolorum praesentium est a quis sunt autem. Architecto qui inventore est id voluptatem distinctio.','13'),(55,55,' Тестирование','Voluptatem sed molestias et et voluptatem. Assumenda quae cum optio incidunt. Ea libero vel consequatur deserunt consequatur autem odio.','6'),(56,56,' Искусственный интелект','Corrupti sit sapiente alias repellendus vero nam. Vel molestiae et suscipit iure. Velit omnis et rerum quo officia. Nemo quo perferendis voluptas sapiente laborum quas.','9'),(57,57,' Тестирование','Porro quasi consequatur deserunt numquam adipisci blanditiis. Fuga cumque sit eius magnam est nostrum. Voluptates dolorum sit ipsum perferendis sunt dolor.','13'),(58,58,' Дизайн','Vel consequuntur aut quasi omnis sint reprehenderit dolores expedita. Eveniet dolore iusto non at dignissimos.','9'),(59,59,' Тестирование','Veniam iure quidem assumenda impedit. Mollitia cum sint labore. Voluptas qui repellat aliquid sit eos quia. Quasi sequi similique dolor molestias fugiat et.','11'),(60,60,'Бизнес-анализ','Ut beatae quibusdam quia aut. Illum nihil cum corrupti molestiae sed. Qui enim laboriosam sapiente maxime.','7'),(61,61,' Продуктовая аналитика','Quibusdam quia sit dolor consectetur nihil. Id voluptas qui earum veniam deserunt sed. Enim culpa qui repellendus.','7'),(62,62,'Бизнес-анализ','Molestiae natus ex dolorem dolor culpa minima dignissimos. Explicabo voluptates labore numquam iure eius sapiente facilis perferendis. Excepturi odio et qui dolorem aut voluptas temporibus. Omnis sed sit consectetur eos tempora explicabo laudantium.','9'),(63,63,' Искусственный интелект','Animi et error doloremque odit et sint quis. Dolor quaerat iste nostrum et delectus. Provident impedit voluptas voluptates et.','13'),(64,64,' Web разработка','Provident dolorum est vel sit laudantium et. Distinctio dolorum molestiae omnis consectetur et saepe tempore. Consequatur molestiae accusantium voluptatibus.','12'),(65,65,' Искусственный интелект','Voluptatibus asperiores voluptatum ipsa autem autem laboriosam. Facilis quia molestiae quae iste ipsum atque. Sit iusto illo rerum tenetur.','6'),(66,66,' Тестирование','Nobis qui molestiae ut voluptatum. Ut sunt cupiditate tempore tempore. Aut quos sapiente cupiditate voluptatem nihil sed ut necessitatibus. Deleniti debitis sed et asperiores delectus.','15'),(67,67,' Искусственный интелект','Ab sunt vel fugiat vel non sed asperiores. Dolores aut quia deleniti non dignissimos. Deleniti voluptas voluptate inventore porro exercitationem in. Alias at doloribus saepe earum nisi adipisci.','6'),(68,68,' Системный анализ','Velit rerum accusantium aut alias consectetur dolor et voluptate. Id sed ab culpa exercitationem. Quas quisquam perspiciatis aut. Voluptas libero voluptas rerum libero sed quos dolorem.','13'),(69,69,' Продуктовая аналитика','Sapiente aperiam corporis quisquam. Sequi nisi dolorem exercitationem consequatur accusantium. Ea molestiae beatae soluta consectetur consectetur nihil minus voluptatem. Consequatur consequuntur sunt nostrum voluptatem saepe.','11'),(70,70,' Big data','Quia quidem est quia accusamus velit est dolores repellat. Quisquam aut mollitia corporis. Voluptatem culpa praesentium labore occaecati et.','12'),(71,71,' Big data','Ut omnis id eius ducimus. Vero reiciendis sunt dolorum numquam fugiat et vel. Et iure qui qui.','14'),(72,72,' Big data','Ea modi ullam ut. Aut vel eaque itaque laborum numquam dignissimos. Odit ipsum assumenda necessitatibus molestias quia.','16'),(73,73,' Системный анализ','Quis dolor voluptatibus error ratione excepturi eos velit. Necessitatibus optio doloribus eos et. Aspernatur doloribus itaque perferendis occaecati.','13'),(74,74,' Web разработка','Dolore quidem temporibus eum soluta eos soluta. Id quis aut quas quia voluptas. Dignissimos iste pariatur et maxime fuga enim ut. Ipsa facilis et iusto ex ut iste.','15'),(75,75,' Системный анализ','Qui blanditiis aut maxime et voluptatem libero hic. Qui eos et enim veniam necessitatibus. Qui maiores dolorem exercitationem amet et enim tempora.','10'),(76,76,'Бизнес-анализ','Rerum fuga perferendis architecto. In iusto nemo dolore eum odit et qui. Tenetur neque magnam fugiat. Accusantium cum commodi voluptatem rem optio reprehenderit ullam.','9'),(77,77,' Продуктовая аналитика','Odio rem similique ipsum saepe voluptas quas quia. Officia quo est quod libero iusto. Neque hic omnis enim laboriosam. Sit deleniti vitae eos ab ullam sed.','13'),(78,78,' Тестирование','Aut est distinctio qui officia voluptates qui. Nihil ut expedita consequatur.','15'),(79,79,' Искусственный интелект','Consequatur ut odio quisquam incidunt repudiandae voluptatibus. Corporis in omnis aut atque itaque suscipit. Qui totam id neque in inventore. Ea quia et voluptatum et occaecati. Dolores ducimus ipsa sequi.','16'),(80,80,'Бизнес-анализ','Id alias ea non distinctio. Ea quo ipsa quaerat nihil voluptas voluptas enim. Quod laboriosam et cum iure autem.','10'),(81,81,' Web разработка','Iste est est sit dolores dicta atque. Quam ut non maxime vero esse et ipsam. Aut et facilis laboriosam atque. Sit non ab aperiam error quo quibusdam velit.','14'),(82,82,' Big data','Rem porro quos assumenda asperiores aut aperiam voluptas. Omnis sunt quia voluptate quia. Reprehenderit pariatur iusto aliquam ut. Laborum minima ipsa doloribus.','9'),(83,83,' Дизайн','Porro nihil et sit est impedit in. Quis placeat dolorem ipsam necessitatibus nam consectetur odit est. Officiis dolores quis id consequatur.','10'),(84,84,' Дизайн','Eaque nostrum atque fugit consequuntur. Ullam explicabo nihil et expedita dolorem nihil. Dolorem ipsa ipsa animi reiciendis ut esse et. Necessitatibus quasi maiores a.','7'),(85,85,'Бизнес-анализ','Ratione voluptas sunt aut nobis officia beatae aperiam. Fugiat eligendi voluptas sed molestiae rerum. Quibusdam nemo non non quia blanditiis vitae.','15'),(86,86,' Искусственный интелект','Modi accusamus provident laboriosam voluptates quos quis consequatur. Placeat voluptatem consectetur illo et unde.','13'),(87,87,' Искусственный интелект','Alias quia qui optio eum eum et rerum. Soluta eos ut reiciendis distinctio quam voluptatem. Omnis omnis unde molestias esse ut tempora eum. Facilis labore ad labore unde explicabo ut repellat iusto.','12'),(88,88,' Big data','Dolores vel nihil beatae dolores ratione. Et est eligendi quaerat aut repellat. Commodi aliquid inventore dolores facere dicta sed. Rerum fuga sunt est veritatis.','10'),(89,89,' Web разработка','Rerum et corrupti deleniti. Qui saepe beatae laborum excepturi atque facilis. Dolorem voluptas enim ducimus et rerum. Expedita recusandae tenetur velit hic nam.','15'),(90,90,' Web разработка','Ut id tempore amet et eaque iusto est. Dolore nemo excepturi hic et maxime. Maiores et consectetur aliquam qui sint repudiandae.','6'),(91,91,' Дизайн','Sunt voluptatem aut ullam et suscipit tenetur. Quibusdam porro quos ipsa cupiditate rem corrupti laudantium. Rerum ut culpa rem quisquam reiciendis. Rem molestias rerum architecto reprehenderit nam. Reiciendis et fugiat sequi eum possimus.','14'),(92,92,' Продуктовая аналитика','Id esse accusantium molestias numquam ut nihil iure laudantium. Quam et veniam beatae adipisci quidem. Aut esse fugiat distinctio quis asperiores sit.','11'),(93,93,' Продуктовая аналитика','Et laboriosam et cupiditate explicabo neque quo. Sunt inventore quo consequuntur aspernatur aut possimus nulla. Voluptas doloremque tenetur necessitatibus doloribus.','14'),(94,94,' Системный анализ','Id officiis et quaerat veniam ea. Dolorum impedit illo asperiores provident ab rem. Consequuntur laborum corrupti ut et reprehenderit.','9'),(95,95,' Искусственный интелект','Dolorem iste libero beatae cupiditate. Iusto possimus voluptate aliquid nulla libero eum. Rem aut nihil aut nobis.','11'),(96,96,' Системный анализ','Commodi magnam eaque repellat nulla aperiam doloribus. Esse ex voluptas debitis cupiditate perferendis consectetur sit. Aliquam dolores voluptatem quae voluptatibus.','6'),(97,97,' Дизайн','Laborum ullam doloribus et fugit. Quos et quos tempora eligendi amet. Qui nulla iusto saepe blanditiis aut fugit quisquam.','8'),(98,98,' Искусственный интелект','Qui ut temporibus repellendus voluptatibus suscipit. Quia dolor aut consequuntur eum praesentium. Provident nesciunt voluptatem dignissimos eos autem et. Blanditiis soluta quod voluptatem in ex iste.','9'),(99,99,' Web разработка','Voluptates doloremque voluptas velit exercitationem. Quod minus consequatur ea accusamus atque reprehenderit.','15'),(100,100,' Системный анализ','Odio voluptates sit sunt repellat molestiae deserunt. Blanditiis doloribus nihil consequatur. Ratione rem et placeat.','14');
/*!40000 ALTER TABLE `courses` ENABLE KEYS */;
UNLOCK TABLES;

--
-- Table structure for table `events`
--

DROP TABLE IF EXISTS `events`;
/*!40101 SET @saved_cs_client     = @@character_set_client */;
/*!40101 SET character_set_client = utf8 */;
CREATE TABLE `events` (
  `id` bigint(20) unsigned NOT NULL AUTO_INCREMENT,
  `name` varchar(150) COLLATE utf8mb4_unicode_ci DEFAULT NULL COMMENT '??? ????????',
  `body` text COLLATE utf8mb4_unicode_ci DEFAULT NULL,
  `created_at` datetime DEFAULT current_timestamp(),
  PRIMARY KEY (`id`),
  KEY `events_name_idx` (`name`)
) ENGINE=InnoDB AUTO_INCREMENT=101 DEFAULT CHARSET=utf8mb4 COLLATE=utf8mb4_unicode_ci;
/*!40101 SET character_set_client = @saved_cs_client */;

--
-- Dumping data for table `events`
--

LOCK TABLES `events` WRITE;
/*!40000 ALTER TABLE `events` DISABLE KEYS */;
INSERT INTO `events` VALUES (1,'sit','Et hic qui reprehenderit et a aliquam sint. Debitis rerum neque nobis quibusdam amet sit. Corrupti et repellendus dolorum eum voluptatum praesentium.','2011-06-30 10:10:27'),(2,'sapiente','Ipsam harum corrupti enim unde non. Cum dignissimos et excepturi quos fugit quam facilis. Omnis magni libero praesentium.','2010-04-07 18:16:40'),(3,'asperiores','Facilis expedita officiis a ab. Voluptatum nemo dignissimos voluptatibus omnis fugit doloribus. Quisquam dolorem maxime delectus voluptatem temporibus.','2008-07-25 06:16:39'),(4,'excepturi','Ratione aut possimus sunt molestias. Porro iure perferendis esse odit distinctio doloremque. Est nihil quis et est. Ab cum est esse quis.','2002-11-27 04:43:27'),(5,'et','Beatae et minima explicabo libero eveniet. Libero et quas adipisci facilis eum magni.','2011-08-25 22:22:46'),(6,'blanditiis','Ullam reprehenderit iste recusandae id earum reiciendis placeat. Sint repellat qui eaque aperiam. Iure atque eos eum dolorem qui autem.','2005-10-16 06:44:58'),(7,'dolor','Expedita commodi ut dolore quibusdam. Aut assumenda et at aut eos delectus nulla tenetur. Vel explicabo aut commodi.','1970-12-16 01:33:52'),(8,'voluptatibus','Sit iusto distinctio neque quae cumque labore ab molestias. Qui officia quia quod dolorum sint. Molestiae reiciendis magnam porro. Facere reprehenderit non sed aliquid nisi.','1994-06-27 19:30:50'),(9,'qui','Necessitatibus facere excepturi necessitatibus commodi fugiat est. Esse repellat tenetur sapiente sit.','1977-03-28 23:31:34'),(10,'quia','Sed eius error adipisci vel neque dolore adipisci. Accusamus sit asperiores fugit aut quibusdam cum. Sapiente culpa quam itaque atque quae.','1997-12-06 10:53:30'),(11,'rem','Perspiciatis eum sint nostrum rerum voluptatem explicabo nobis. Dolorum voluptatem velit ab iure eveniet rerum perspiciatis qui. Aut incidunt quae harum molestiae velit. Vel assumenda facilis omnis aspernatur iste temporibus ratione.','2015-03-20 08:48:28'),(12,'repudiandae','Deserunt qui tenetur ipsam rerum nam. Est corporis nostrum quia quia ipsam. Ut unde est vitae quia qui soluta dolor.','1982-02-11 00:49:03'),(13,'tempore','Tenetur sit rem ut ipsam dolor voluptatem sed. Libero velit similique alias consectetur ut cumque. At possimus sapiente quidem qui. Eum est sunt aspernatur sed doloremque. Rem in est et qui magnam non.','2005-04-07 23:58:08'),(14,'velit','Laboriosam non est veniam molestiae et ad omnis. Aperiam ut repudiandae molestias ut voluptatem non numquam. Omnis optio beatae qui ex.','1990-08-16 14:14:27'),(15,'non','Quia ut doloribus est vel. Qui provident odio architecto eius dolore. Et nam qui excepturi eum qui quia unde.','2010-02-24 19:47:38'),(16,'nihil','Impedit velit est quia dolor molestiae corporis. Rerum voluptatum aut a tenetur enim. Minima vero sit qui culpa aliquid qui rerum.','2015-09-27 02:27:35'),(17,'ea','Impedit a est voluptatibus aspernatur repudiandae. Quia distinctio aut quaerat accusamus. Possimus ex dicta enim sed eos.','1979-06-12 18:13:42'),(18,'corporis','Aut aperiam quia sit maxime quisquam accusamus eveniet. Et ut aut magni inventore et sed. Consequatur nihil eum iure et unde. Voluptate excepturi aut corrupti sequi quidem.','1995-08-16 00:42:16'),(19,'eos','Dicta non nihil inventore. Ut deserunt veniam tempore perspiciatis nulla. A deleniti voluptatem ipsam velit labore minima. Sint animi dolor suscipit voluptatum.','1995-09-26 13:38:52'),(20,'dolor','Provident enim accusamus incidunt in. Voluptatum et quisquam excepturi facilis ut provident dolore et. Et debitis accusantium possimus iure vero earum.','1993-11-19 02:29:00'),(21,'vel','Nihil distinctio qui repellat id qui. Impedit cumque iste delectus maiores. Molestias est et delectus et. Corrupti et dicta debitis in aut sit.','1984-08-01 06:41:30'),(22,'ut','Reiciendis omnis pariatur ducimus voluptatem nemo ut facere. Incidunt ullam aut velit est ut. Quia alias iure non saepe veniam.','1985-10-12 11:05:45'),(23,'sint','Ut excepturi et ut accusamus omnis voluptates ad qui. Praesentium natus quas eius. Est non ratione perferendis explicabo dolores sed delectus.','2012-08-15 20:45:05'),(24,'minima','Cupiditate nisi architecto sapiente ad corporis consequatur. Sapiente quo est sint iure. Quod odit nihil dolorem explicabo necessitatibus non rem.','2021-02-17 02:31:07'),(25,'rerum','Illum harum tenetur non. Quis repellendus aut ut ut quasi. Occaecati tempora animi aliquid omnis nobis quaerat.','2017-10-02 06:43:08'),(26,'qui','Corrupti cupiditate velit harum iste et. Autem numquam ut aut omnis aliquid eligendi sapiente. Laborum eum et consectetur et aut nostrum. Odit hic culpa rerum sit nobis et nisi.','1996-03-13 12:57:54'),(27,'facilis','Ratione aut modi fugit aliquid corporis ipsam. Sed recusandae pariatur eum odio nostrum voluptas ut aliquid. Qui rerum qui delectus eaque voluptas labore quo. Aut odio sit facilis magnam optio qui aliquam.','1990-05-10 05:54:22'),(28,'eum','Ipsa repellendus laboriosam est rerum eaque aliquid eveniet dolor. Sunt amet blanditiis culpa aliquam est molestiae. Quam quidem distinctio minus et a ut deleniti. Unde iusto rerum tempore rerum.','1977-09-12 16:07:32'),(29,'enim','Omnis ut incidunt dolores nisi eaque. Sequi recusandae labore et. Quia qui quo placeat suscipit. Sunt rerum est voluptatibus.','2013-09-07 21:45:34'),(30,'non','Officia autem laboriosam et est blanditiis aperiam. Tempore suscipit minus quod expedita dolores et ullam. Inventore sint optio reprehenderit maxime omnis eum alias.','2005-08-20 20:30:41'),(31,'nobis','Laborum consectetur animi non omnis placeat perspiciatis tempora. Nihil suscipit dolorem nostrum enim vel voluptatibus. Voluptas commodi reiciendis dignissimos magnam ipsum vero.','2007-11-29 17:06:10'),(32,'est','Explicabo totam dolorem quia. Laudantium placeat tenetur ea minus deleniti totam. Nihil asperiores maxime omnis est omnis similique. Animi minima quo repellat nisi nulla.','1990-03-01 07:04:21'),(33,'dolor','Ut amet occaecati aut fugiat quas earum dolor excepturi. Officiis ea ut ut voluptatem iste quis dolores nemo. Tempore eos et autem earum consequatur.','1998-09-03 09:53:40'),(34,'veniam','Sunt enim est magni voluptate. Quisquam id suscipit ut sint quae pariatur nostrum. Illo id esse eos et sequi perferendis. Ducimus doloribus magnam rerum repellat. Voluptatibus dolorem harum et consequatur porro incidunt provident.','2006-09-04 18:45:05'),(35,'aliquid','Dolorem molestiae et sequi ipsa odit. Saepe modi sit illo fugiat aut qui quod quis. Quam quia asperiores aperiam similique non.','1982-11-04 07:50:54'),(36,'impedit','Magni ipsum itaque quia perferendis. Cupiditate natus sed aut qui. Esse rerum quis hic eligendi expedita quod quia. Mollitia rerum cupiditate officia soluta cupiditate.','1979-11-03 19:29:23'),(37,'et','Repudiandae recusandae labore veritatis itaque aut quos expedita a. Minus dolorem omnis facere voluptatem ab. Ipsa repellat harum quod at et inventore similique.','1977-05-16 07:24:52'),(38,'cumque','Deleniti consequuntur assumenda ipsam omnis. Est aut dolorem impedit et magni non ut voluptas. Quibusdam magnam reiciendis aut autem maxime. Totam nihil aliquid sint quidem suscipit sed sed.','1993-10-17 03:38:21'),(39,'ipsum','Deleniti doloribus ea eligendi quos. Harum magni sunt odio perferendis repellendus dicta maiores.','2016-12-11 02:59:04'),(40,'quis','Necessitatibus vel nisi consectetur voluptatibus. Velit incidunt ut suscipit quia. Quos necessitatibus rem iure accusantium occaecati.','1986-03-03 14:59:15'),(41,'est','Odit aperiam similique quod eum quia aut maiores. Deleniti aliquid similique cupiditate exercitationem et. Nisi et veniam in corporis aut ipsam aut.','2018-02-16 13:22:10'),(42,'porro','Dolorum consequatur ratione consequuntur vero eos earum qui esse. Et sit deleniti aut voluptatem. Iusto quia minus aut quasi. Possimus et perferendis in est neque facere.','1985-07-23 01:00:12'),(43,'vero','Deleniti eos recusandae velit laborum. Eligendi sed a non illum sed. Explicabo harum voluptatibus aut molestiae assumenda ut. Est neque dicta occaecati iure nobis.','1976-07-10 14:26:22'),(44,'doloribus','Aut sit rem debitis eaque est. Repudiandae sit unde quod architecto non placeat. Fuga sed possimus amet a beatae officiis voluptatibus.','1983-08-27 12:50:48'),(45,'aut','Harum qui hic dolores voluptates consequatur et ipsam. Nihil et sed sint quaerat enim voluptatem veritatis. Eum accusamus nihil aut enim exercitationem eum.','2014-07-18 19:03:40'),(46,'iusto','Reiciendis doloremque et nemo assumenda magni sint. Esse deserunt rerum praesentium est quod eos adipisci magnam. Animi ducimus nihil voluptatem.','1987-09-29 22:16:06'),(47,'fuga','Facilis vero maiores consectetur sint impedit praesentium deserunt. Libero provident ea qui ea sit. Sed sit enim perspiciatis inventore possimus veritatis.','2005-04-27 06:04:33'),(48,'fugiat','Nostrum velit assumenda non expedita adipisci ipsa quo. Ut fugiat quod autem aut animi. Voluptatem velit qui esse consequuntur ab et sed et. Accusamus aperiam dolores delectus et saepe. Eveniet voluptates aspernatur dolor molestiae.','1979-08-09 21:37:42'),(49,'veniam','Aliquid blanditiis commodi natus dolorum ea libero officia. Temporibus ut laboriosam aliquam ut praesentium aut aut. Similique voluptas saepe qui aut consequatur.','2007-04-17 23:16:10'),(50,'error','Consequatur dolorum dicta provident molestiae. Expedita sit maiores rerum tenetur enim voluptatem impedit. Accusamus id quas repellendus.','2015-12-12 18:43:27'),(51,'ad','Mollitia explicabo dolor sit et quia. Tenetur tempore eaque pariatur. Rem distinctio rerum aliquam soluta fugit deserunt. Voluptatem error enim qui dolorem error incidunt. Tempora occaecati soluta nobis.','1982-05-18 04:51:47'),(52,'placeat','Quod est cupiditate consequuntur et eos qui repudiandae blanditiis. Ullam totam cupiditate iste tempore alias suscipit id molestiae. Ipsa voluptas quis quos quia ea.','2020-07-10 02:54:08'),(53,'vel','Fuga iste qui tempore rem autem rem quas dicta. Ut repellat ut qui quibusdam sit. Perferendis sunt sapiente aperiam voluptatem aliquid. Et dolorum est rerum fuga. Fugit accusantium vero voluptatem accusantium vel.','1971-03-21 08:52:56'),(54,'fugit','Aut voluptatum repellendus porro qui id. Maxime vel aut iste et eveniet ut eius. Nisi qui qui voluptatibus odit et odio sed.','1982-05-22 13:57:01'),(55,'qui','Et eum non quia dolore totam modi illum a. Sit quisquam cupiditate fugit eos est et excepturi. Aliquam quaerat deleniti debitis. Dignissimos necessitatibus rerum suscipit esse autem neque quae.','1996-11-01 02:05:12'),(56,'qui','Sint temporibus omnis assumenda nesciunt enim. Natus quia ullam magnam atque. Ducimus adipisci natus recusandae nulla culpa et dolore. Est mollitia magnam aut nemo.','1977-10-27 19:01:18'),(57,'velit','Adipisci omnis dolorum vitae alias. Animi dolores est quis blanditiis explicabo ut nam. Soluta excepturi ut et voluptatum.','2006-04-07 11:43:24'),(58,'similique','Voluptatem odio dolorem cum alias. Mollitia quasi recusandae aliquid magni exercitationem reprehenderit. Iste voluptates voluptas est sequi. Perferendis dolore rerum repellendus.','1990-10-21 09:48:04'),(59,'tempora','Labore aperiam distinctio quo necessitatibus provident. Sunt natus ea consectetur neque voluptate sint. Tempora accusantium doloribus sed ab et sed.','1987-06-09 01:50:54'),(60,'enim','Impedit quo enim ut iusto quidem. Vel dolorem tempore enim facilis sed. Est harum voluptatum eum natus sunt.','2012-08-11 01:33:03'),(61,'consequuntur','Delectus quia sit beatae facilis mollitia. Dolorem ea cupiditate beatae ipsa dolorem quam nobis. Et sed repudiandae consequuntur quo optio sit.','2020-08-03 15:18:29'),(62,'assumenda','Et voluptatum itaque repudiandae nihil. Quo pariatur consequatur rerum quae aut in nobis. Voluptatem qui dolorem facilis voluptatem assumenda.','1978-06-18 16:07:14'),(63,'rem','Similique consequatur qui sed. Inventore nihil amet temporibus ut illo ut et. Voluptate autem magni rerum et.','1976-06-16 00:42:55'),(64,'deleniti','Qui saepe expedita saepe rem id est aut repellat. Consequatur nihil nihil fugit totam sunt.','2020-02-29 06:39:27'),(65,'veritatis','Unde debitis ducimus laudantium consequatur molestiae ad. Explicabo facilis totam laboriosam ut. Error deserunt ea veritatis enim.','2011-03-21 21:15:40'),(66,'quas','Itaque perspiciatis omnis possimus adipisci aperiam. Quos doloremque qui voluptas nesciunt. Laudantium enim facere eum ea dolores. Ipsam temporibus in occaecati expedita dolores dolores voluptatem repellendus.','2011-01-30 15:30:30'),(67,'id','Cum corrupti et asperiores tenetur. Architecto aspernatur maxime ipsam deserunt. Et aut et cumque magni.','2009-10-13 04:46:07'),(68,'quo','Quisquam sint eligendi ratione tenetur repellendus sit. Deserunt sed sunt accusantium enim nesciunt excepturi. Est ad quia sequi quia explicabo qui eos.','2006-10-13 13:48:20'),(69,'blanditiis','Excepturi sint sed nisi explicabo error quis. Blanditiis dicta autem hic autem dicta. Quo velit animi maxime pariatur dolor.','1997-04-01 02:54:20'),(70,'veniam','Est doloribus voluptatem dignissimos debitis sed. Illum ullam numquam exercitationem commodi. Sunt maxime a illum laboriosam expedita quis.','2016-11-25 10:46:21'),(71,'aliquam','Magni perspiciatis consequatur tenetur tempora voluptas repellendus. Ratione sit libero sapiente aut eum hic reprehenderit. Vitae dolorem eveniet voluptatem facere. Iusto accusamus laudantium quas distinctio ducimus est voluptates.','2013-04-09 15:21:19'),(72,'dolorum','Quibusdam assumenda totam nihil in explicabo libero sapiente. Cupiditate in voluptatibus minus aut cum id omnis. Deserunt et nobis numquam nihil. Aliquid voluptas illum ea reprehenderit quos aliquam.','2007-04-15 00:45:24'),(73,'non','Hic animi rerum vel iusto in. Aut dolores aliquam eius porro. Dolore quia quis explicabo voluptatem perferendis.','2002-03-15 16:28:30'),(74,'voluptas','Est impedit quis rerum temporibus. Et doloribus similique autem ut dolores id. Molestiae voluptate harum explicabo amet. Nihil consequatur accusantium atque quia odio modi voluptatem.','2009-04-30 19:46:35'),(75,'sapiente','Alias voluptatem non vitae quo quo. Est neque aliquid architecto voluptatum ipsum autem repellat. Soluta quia repudiandae sit nulla. Nemo exercitationem et et temporibus.','2009-07-20 18:39:09'),(76,'ipsum','Necessitatibus praesentium et consequatur doloribus molestias expedita. Voluptatem enim et voluptatem ut qui maiores iste ullam. Quia ea laborum deserunt voluptas.','2002-07-17 05:20:23'),(77,'aut','Deleniti aut sequi consequatur nostrum ut non quibusdam. Autem consequatur non nemo soluta et. Quo rerum dolores natus iste sit.','1980-04-22 10:20:37'),(78,'delectus','Nobis corrupti sequi ut mollitia magnam. Nulla provident ipsum quis rerum voluptas enim dolores. Quas porro qui maiores a est. Sit eius minima quis exercitationem consequatur.','1995-04-15 09:06:58'),(79,'asperiores','Alias aliquid maiores ab quos ut corrupti adipisci. Totam labore in veniam autem nemo aperiam inventore dolorem.','1970-06-25 01:22:33'),(80,'sit','Voluptatem enim itaque provident dolorem odit vero quia. Quia dolorem id accusantium iste adipisci. Inventore deserunt dolorem consequatur molestiae. Labore vel nesciunt inventore minus temporibus.','1994-08-03 01:41:25'),(81,'illum','Commodi modi at eum ullam. Quia eum nihil cumque. Cumque rerum similique incidunt ipsum totam vel ea. Nemo in animi ipsa omnis magni fuga.','2008-11-09 14:00:26'),(82,'perferendis','Voluptate aut eum facere nemo earum sint tempora. Quis eos a sit et. Consequatur quae est quam dolorem itaque magni assumenda. Explicabo enim laborum sint debitis veritatis tempora eligendi.','1994-01-04 08:55:29'),(83,'sit','Adipisci consequatur eaque ipsam. Et unde quae rerum. Cum minus veniam voluptatibus voluptatem molestiae. Aspernatur qui labore non qui rerum.','2014-01-18 12:46:53'),(84,'quas','Enim magni quia nobis corrupti qui. Id similique perspiciatis dignissimos quia. Laudantium et beatae porro est maiores.','2009-04-08 04:29:35'),(85,'ipsam','Et beatae ad itaque laboriosam repudiandae quidem eligendi. Vero neque iusto distinctio voluptatum dignissimos qui est. Itaque veritatis totam rerum sit voluptatem omnis. A qui nesciunt facilis dolor non optio.','1973-04-16 10:05:42'),(86,'quasi','Occaecati distinctio ipsum rerum voluptas esse voluptatem. Dicta cupiditate qui repudiandae animi praesentium sapiente placeat. Voluptate nesciunt asperiores magni ipsa libero et harum.','1970-06-27 07:40:43'),(87,'fuga','Aut asperiores quisquam dolor quae. Est soluta in possimus voluptatem. Repudiandae commodi fuga quas eum cupiditate. Iure expedita adipisci est labore.','2009-07-31 06:43:35'),(88,'dolores','Et praesentium adipisci est non. Recusandae illum debitis maxime adipisci. Reprehenderit vel et et voluptatem.','1987-10-21 14:36:27'),(89,'ipsam','Sit recusandae nostrum praesentium repudiandae ratione aut vel sequi. Dignissimos totam voluptatem voluptas quis in. Pariatur quidem at deserunt velit quasi id.','2008-09-20 04:09:53'),(90,'maiores','Quia autem qui rem nostrum enim. Vel sed a quibusdam nihil. Quis sint porro dolor aut similique iure doloribus. Eum dolores quasi esse eius repellendus hic. Quam ut vel voluptas totam aliquid molestiae.','2018-01-08 23:44:48'),(91,'reprehenderit','Omnis ab omnis doloribus quisquam fugit quia ea. Quasi consequuntur eum odio asperiores totam sequi corporis aut. Voluptatem quasi est voluptatem cumque atque praesentium.','1979-05-28 12:17:05'),(92,'quia','Quibusdam porro repellendus quaerat blanditiis molestiae iure quasi. Alias aperiam omnis quia velit magnam. Ipsam dignissimos aperiam dolorem ratione est vero.','1978-01-17 17:50:57'),(93,'omnis','Molestiae itaque et fugiat qui soluta facilis eos. Adipisci nihil qui illo blanditiis. Quia enim deleniti est consequuntur facilis. Molestiae reiciendis beatae debitis.','2000-03-20 04:23:57'),(94,'molestiae','Incidunt laborum labore repellendus placeat. Atque tempora ut minus occaecati. Reiciendis nihil pariatur expedita reiciendis eius.','1999-08-12 15:02:59'),(95,'est','Et eligendi est atque esse temporibus. Quod dolor omnis velit eius ut cum qui. Eaque fuga rerum commodi occaecati temporibus ex quia. Quo minus quidem rem eum repudiandae non aut quidem.','2008-08-02 15:40:49'),(96,'vero','Quis saepe rerum sequi magni consequuntur id. Repellat rem accusantium repudiandae laborum in autem nobis. Modi ut atque pariatur voluptatem commodi ipsam. Dolorum quaerat dolorem quas quis.','1988-12-05 00:02:57'),(97,'laborum','Nostrum pariatur quo enim iure quidem consequatur. Totam illo rerum quae velit architecto aspernatur. Quia dolorum dolore voluptatibus dolores dolor veritatis quas. Aut dolores doloribus vitae fuga rerum eius.','1997-01-21 19:41:11'),(98,'et','Sunt porro est eveniet. Saepe aliquam et possimus. Et iusto quasi explicabo dolorum quo mollitia.','2004-10-20 00:10:34'),(99,'molestias','Asperiores eos assumenda vel quae. Eum rem id asperiores et. Voluptatibus beatae amet voluptas corporis aspernatur.','2012-09-23 09:13:35'),(100,'sit','Atque incidunt voluptatum minus impedit. Mollitia est beatae sed quo mollitia. Harum molestias sed quos provident et quos aut. Aut quas molestiae pariatur autem.','1989-09-07 23:11:50');
/*!40000 ALTER TABLE `events` ENABLE KEYS */;
UNLOCK TABLES;

--
-- Table structure for table `knowledge_base`
--

DROP TABLE IF EXISTS `knowledge_base`;
/*!40101 SET @saved_cs_client     = @@character_set_client */;
/*!40101 SET character_set_client = utf8 */;
CREATE TABLE `knowledge_base` (
  `success_story` text COLLATE utf8mb4_unicode_ci DEFAULT NULL COMMENT '??????? ??????',
  `for_children` text COLLATE utf8mb4_unicode_ci DEFAULT NULL COMMENT '??? ?????',
  `user_id` bigint(20) unsigned NOT NULL,
  `career_id` bigint(20) unsigned NOT NULL,
  PRIMARY KEY (`user_id`,`career_id`),
  KEY `career_id` (`career_id`),
  CONSTRAINT `knowledge_base_ibfk_1` FOREIGN KEY (`user_id`) REFERENCES `users` (`id`) ON DELETE CASCADE ON UPDATE CASCADE,
  CONSTRAINT `knowledge_base_ibfk_2` FOREIGN KEY (`career_id`) REFERENCES `events` (`id`) ON DELETE CASCADE ON UPDATE CASCADE
) ENGINE=InnoDB DEFAULT CHARSET=utf8mb4 COLLATE=utf8mb4_unicode_ci;
/*!40101 SET character_set_client = @saved_cs_client */;

--
-- Dumping data for table `knowledge_base`
--

LOCK TABLES `knowledge_base` WRITE;
/*!40000 ALTER TABLE `knowledge_base` DISABLE KEYS */;
INSERT INTO `knowledge_base` VALUES ('Mock Turtle is.\' \'It\'s the first figure,\' said the King, with an anxious look at me like that!\' By this time the Queen ordering off her head!\' Those whom she sentenced were taken into custody by the.','Laudantium sint dolorem enim excepturi laudantium et. Fuga dolorem enim quis et nam hic dolores. Enim mollitia aut repellat ut expedita nulla quia. Vitae voluptate voluptatem assumenda itaque.',1,1),('THE FENDER, (WITH ALICE\'S LOVE). Oh dear, what nonsense I\'m talking!\' Just then she had nibbled some more bread-and-butter--\' \'But what did the archbishop find?\' The Mouse did not appear, and after.','Non enim architecto impedit. Perspiciatis aliquam aperiam illo sit. Sit enim consequatur excepturi vel voluptas deserunt. Sunt qui officia et corporis repellendus dolor.',2,2),('Soup! Beau--ootiful Soo--oop! Soo--oop of the room. The cook threw a frying-pan after her as hard as it is.\' \'Then you keep moving round, I suppose?\' \'Yes,\' said Alice a little girl she\'ll think me.','Praesentium ad ea est ipsam doloremque. Vero rem ab quis in. Repellat qui qui quos. Voluptas suscipit praesentium officia et est.',3,3),('King. \'Nearly two miles high,\' added the Gryphon, before Alice could not join the dance? Will you, won\'t you, won\'t you, won\'t you, will you, won\'t you, will you join the dance? Will you, won\'t you,.','Hic libero est iure officiis ut. Est hic temporibus aut nulla aut quia. Nesciunt quod et atque animi.',4,4),('Mouse was swimming away from her as she spoke. (The unfortunate little Bill had left off staring at the place of the Lizard\'s slate-pencil, and the arm that was lying under the window, and some of.','Dolores dicta quae omnis labore. Nam eligendi dignissimos recusandae est a ratione aliquam. Et ut pariatur unde numquam. Quia repellendus veniam tempora ut et et est consequatur.',5,5),('WOULD go with Edgar Atheling to meet William and offer him the crown. William\'s conduct at first was moderate. But the insolence of his great wig.\' The judge, by the end of the Lizard\'s.','Libero deleniti quo et. Et asperiores beatae aliquid quaerat quia vero. Itaque molestiae sint quasi. Quis eos unde sunt beatae atque qui.',6,6),('Sir, With no jury or judge, would be only rustling in the sky. Twinkle, twinkle--\"\' Here the Queen shouted at the bottom of a good deal until she made some tarts, All on a branch of a book,\' thought.','Asperiores culpa et ut ipsam repellendus. Enim omnis culpa iure. Consequuntur placeat corrupti est sunt iure reprehenderit repudiandae.',7,7),('Bill!\' then the puppy jumped into the earth. Let me see: I\'ll give them a new pair of white kid gloves and a Dodo, a Lory and an Eaglet, and several other curious creatures. Alice led the way, and.','Ratione quae ex accusamus. Adipisci assumenda quia totam eum mollitia consequatur. Ratione eveniet quae placeat officiis facilis. Veniam eos sint sit quidem eaque voluptas.',8,8),('Gryphon only answered \'Come on!\' cried the Mouse, sharply and very soon finished it off. * * * * * * \'Come, my head\'s free at last!\' said Alice aloud, addressing nobody in particular. \'She\'d soon.','Fugiat ut natus a officia. Voluptate incidunt quae iure magnam repudiandae quisquam. Beatae debitis recusandae quis ipsa pariatur ipsam unde. Natus beatae consequatur vero modi non quis.',9,9),('Five! Don\'t go splashing paint over me like a writing-desk?\' \'Come, we shall get on better.\' \'I\'d rather not,\' the Cat went on, turning to Alice. \'Only a thimble,\' said Alice desperately: \'he\'s.','Ea minima temporibus assumenda et veniam voluptate ut. Libero officia cupiditate sit voluptatem occaecati corrupti. Saepe magni et vero voluptatem voluptates.',10,10),('That your eye was as steady as ever; Yet you finished the first sentence in her life; it was certainly too much pepper in my size; and as for the fan and gloves. \'How queer it seems,\' Alice said to.','Fugiat perferendis tempore fuga magnam perspiciatis deserunt. Velit harum perferendis quasi nobis repellat.\nCommodi maxime amet ad quam. Ut officiis nostrum praesentium omnis iste.',11,11),('The Mock Turtle yet?\' \'No,\' said the youth, \'and your jaws are too weak For anything tougher than suet; Yet you balanced an eel on the bank, with her head!\' the Queen said to herself \'Suppose it.','Ad quos molestiae explicabo magnam quod. Qui debitis eos non repellat omnis. Qui aspernatur repellat quia sint tempore vitae et. Similique voluptatum error fugit vel.',12,12),('PRECIOUS nose\'; as an explanation. \'Oh, you\'re sure to happen,\' she said to herself, \'if one only knew the meaning of half those long words, and, what\'s more, I don\'t like them!\' When the procession.','Nesciunt ipsum et ut consequatur commodi vel vel. Temporibus dignissimos in qui qui repellendus suscipit. Consequatur omnis voluptas id et.',13,13),('March Hare. The Hatter was the BEST butter,\' the March Hare. \'Then it ought to have any rules in particular; at least, if there are, nobody attends to them--and you\'ve no idea what Latitude was, or.','Velit totam quia necessitatibus voluptatem recusandae sunt illo. Quae possimus ea dolor facere. Sint iusto perspiciatis molestiae laborum. Incidunt nihil pariatur dolorum beatae nihil.',14,14),('Digging for apples, indeed!\' said the Duchess, \'and that\'s a fact.\' Alice did not come the same year for such dainties would not allow without knowing how old it was, even before she came upon a.','Amet atque deserunt qui delectus sit voluptas. Minima tenetur modi aspernatur. Laboriosam id quia autem quis assumenda ab et.',15,15),('Those whom she sentenced were taken into custody by the Queen was to twist it up into the court, \'Bring me the list of singers. \'You may go,\' said the Mouse. \'--I proceed. \"Edwin and Morcar, the.','Quam dignissimos sint blanditiis accusantium rerum. Quod eveniet ipsum aut. Nam sint molestiae molestias similique et. Rem molestias ducimus fugiat aut sed.',16,16),('But said I could let you out, you know.\' \'I don\'t see how he did it,) he did with the birds and animals that had made out that the meeting adjourn, for the end of the door with his nose, and broke.','Voluptas quam corporis sunt quas voluptatem facere. Eveniet tempore molestiae rerum repellat sit quod. Necessitatibus sint aut nulla quia maiores labore.',17,17),('Alice; \'I can\'t go no lower,\' said the Queen. First came ten soldiers carrying clubs; these were all shaped like the largest telescope that ever was! Good-bye, feet!\' (for when she heard a little.','Quia laboriosam dolorum nam quas in. Dolorum incidunt non ut nobis. Perspiciatis magni optio illum voluptatem repudiandae quod quis.',18,18),('Mouse. \'Of course,\' the Mock Turtle persisted. \'How COULD he turn them out of the court. \'What do you know why it\'s called a whiting?\' \'I never saw one, or heard of uglifying!\' it exclaimed. \'You.','Possimus maiores unde nam voluptatem qui ut. Optio assumenda doloremque laudantium error consequuntur dolor. Dolorem quis placeat quis qui incidunt alias velit.',19,19),('He looked at it again: but he now hastily began again, using the ink, that was trickling down his brush, and had to fall a long tail, certainly,\' said Alice indignantly. \'Let me alone!\' \'Serpent, I.','Et explicabo voluptas sunt maxime. Quae sit ullam maxime consequuntur consectetur provident consectetur. Tempora repudiandae dolor vitae quasi delectus inventore cum.',20,20),('Alice did not sneeze, were the verses on his spectacles. \'Where shall I begin, please your Majesty?\' he asked. \'Begin at the sides of the month, and doesn\'t tell what o\'clock it is!\' As she said to.','Nulla eum tenetur voluptatem est. Quia laborum molestias aliquid voluptatem. Maxime assumenda fuga esse et sapiente.',21,21),('Mouse with an air of great curiosity. \'It\'s a pun!\' the King very decidedly, and there was silence for some minutes. The Caterpillar was the fan and a large ring, with the bread-and-butter getting.','Ut sunt eaque aperiam corrupti sit. Nesciunt corporis molestias atque minima. Nulla quia architecto alias modi. Voluptatem neque voluptas ullam.',22,22),('White Rabbit, who said in an angry tone, \'Why, Mary Ann, and be turned out of sight: then it chuckled. \'What fun!\' said the King, \'and don\'t look at them--\'I wish they\'d get the trial done,\' she.','Accusamus fuga eveniet optio dolor et impedit saepe. Voluptatem voluptates culpa voluptatem corrupti. Velit sapiente quia eligendi. Accusamus excepturi mollitia sit ab tenetur quia beatae.',23,23),('Hatter, \'or you\'ll be telling me next that you have to whisper a hint to Time, and round goes the clock in a thick wood. \'The first thing I\'ve got to?\' (Alice had no very clear notion how delightful.','Voluptatem quasi vero ut ut. Quaerat maxime occaecati sit molestiae voluptas tempore. In recusandae quae hic porro.',24,24),('I only knew the name \'Alice!\' CHAPTER XII. Alice\'s Evidence \'Here!\' cried Alice, jumping up in a great deal to ME,\' said the Mock Turtle drew a long and a piece of it at all,\' said the Gryphon said.','Non vel facilis alias laboriosam. Suscipit dolorem et cum consectetur qui et ullam. Velit consectetur doloribus cumque sequi iusto et.',25,25),('It\'s by far the most important piece of it appeared. \'I don\'t much care where--\' said Alice. \'I don\'t even know what to say which), and they lived at the top of her skirt, upsetting all the right.','Sed quia et dolorem nihil nesciunt. Blanditiis sequi perferendis perspiciatis veniam aliquid. Deleniti non minus beatae. Nihil et et porro nemo earum.',26,26),('The hedgehog was engaged in a day did you manage to do it.\' (And, as you can--\' \'Swim after them!\' screamed the Gryphon. \'Turn a somersault in the pool, and the whole head appeared, and then they.','Quis sit ea itaque amet quidem. Omnis officia minima qui quibusdam hic dolor qui temporibus. Sed commodi sequi labore. Vel quam esse sequi nisi veritatis ea qui sint.',27,27),('Alice. \'Of course they were\', said the Pigeon; \'but I haven\'t been invited yet.\' \'You\'ll see me there,\' said the Cat, \'or you wouldn\'t mind,\' said Alice: \'--where\'s the Duchess?\' \'Hush! Hush!\' said.','Aut sint debitis dolorum quasi suscipit. Voluptatum et voluptates eaque quasi voluptas voluptate facilis est.',28,28),('Queen\'s voice in the house opened, and a Long Tale They were just beginning to see anything; then she walked down the middle, being held up by wild beasts and other unpleasant things, all because.','Neque hic sequi illum. Voluptatum non rerum natus et ut. Dignissimos temporibus quia odit repellat recusandae. Delectus sed soluta enim amet.',29,29),('Alice. \'Why, there they are!\' said the Duchess; \'and most of \'em do.\' \'I don\'t see how he did with the Mouse heard this, it turned round and get ready for your interesting story,\' but she did not.','Quis est rem quibusdam nisi. Et aut temporibus porro saepe aut. Qui iusto soluta accusantium nihil quia.',30,30),('This question the Dodo had paused as if it had no idea how confusing it is almost certain to disagree with you, sooner or later. However, this bottle was NOT marked \'poison,\' so Alice ventured to.','Repellendus quos ut ut necessitatibus magni quasi. Molestiae consequatur itaque nisi eum sit sunt. Praesentium asperiores sit odit harum iusto ea.',31,31),('Alice! when she was quite a commotion in the distance, sitting sad and lonely on a branch of a good deal frightened by this time.) \'You\'re nothing but out-of-the-way things to happen, that it.','Fugit quibusdam voluptas dolore sapiente recusandae aliquam alias. Sint reprehenderit vitae necessitatibus est unde est excepturi.',32,32),('Duchess: you\'d better finish the story for yourself.\' \'No, please go on!\' Alice said with a sudden burst of tears, but said nothing. \'This here young lady,\' said the Cat. \'Do you take me for asking!.','Aut et accusamus vero quos. Sunt vel asperiores voluptatum voluptatem qui.',33,33),('When the pie was all about, and called out \'The Queen! The Queen!\' and the blades of grass, but she felt that this could not think of nothing better to say it out into the teapot. \'At any rate I\'ll.','Aperiam ut maxime commodi aspernatur deserunt optio cum. Optio error odio ut non amet quae vel. Nemo veniam adipisci reprehenderit atque.',34,34),('They all sat down and looked at them with the glass table as before, \'and things are worse than ever,\' thought the poor animal\'s feelings. \'I quite forgot you didn\'t sign it,\' said the Mock Turtle.','Velit vel atque impedit quia. Necessitatibus sint quaerat repudiandae. Et id officia sed. Velit unde modi illum doloremque esse temporibus.',35,35),('March Hare, who had spoken first. \'That\'s none of YOUR business, Two!\' said Seven. \'Yes, it IS his business!\' said Five, in a hurry: a large mustard-mine near here. And the Gryphon went on, \'and.','Consectetur quia ex rerum non fugiat. Aliquid ut corporis error voluptas dolores fugiat. Facere maxime repellat labore asperiores facilis molestias quisquam. Et quia eius ullam asperiores.',36,36),('The next witness would be QUITE as much use in waiting by the hand, it hurried off, without waiting for turns, quarrelling all the time when she noticed that they couldn\'t see it?\' So she sat down.','Ut totam dolor ut in aut dolores assumenda. Sed tenetur modi rerum fugit cum ut cumque. Temporibus consequatur iste aperiam sunt.',37,37),('Dormouse again took a great many teeth, so she sat down a large piece out of sight: \'but it seems to grin, How neatly spread his claws, And welcome little fishes in With gently smiling jaws!\' \'I\'m.','Fugit aliquam eos magnam. Impedit unde delectus sint quam. Eius eveniet provident vel aut. Officiis accusantium nobis cum numquam.',38,38),('Alice, timidly; \'some of the edge with each hand. \'And now which is which?\' she said these words her foot as far as they came nearer, Alice could hardly hear the words:-- \'I speak severely to my.','Dolor enim quibusdam voluptatum atque. Magni eos cum amet ut quisquam.',39,39),('I can\'t understand it myself to begin with; and being ordered about in the sea!\' cried the Gryphon, sighing in his confusion he bit a large fan in the air. She did it at all,\' said Alice: \'--where\'s.','Aut veniam libero est voluptatem quis. Inventore totam totam dignissimos. Fugiat est quos optio blanditiis.',40,40),('And she squeezed herself up on tiptoe, and peeped over the verses to himself: \'\"WE KNOW IT TO BE TRUE--\" that\'s the queerest thing about it.\' (The jury all wrote down on the shingle--will you come.','Dolorem molestiae voluptatem ipsam et quae ea sed. Praesentium magnam ex dolore vero iste eos. Reprehenderit non vel fuga consequuntur.',41,41),('Hatter. \'He won\'t stand beating. Now, if you want to see you any more!\' And here poor Alice began to get dry very soon. \'Ahem!\' said the Cat, \'a dog\'s not mad. You grant that?\' \'I suppose so,\' said.','Voluptatibus dolores nihil est aliquid sunt quos sint. Laudantium atque iste fugit repellendus fuga. Quod et in repudiandae numquam qui laboriosam dolor.',42,42),('Duchess, \'and that\'s the jury-box,\' thought Alice, \'or perhaps they won\'t walk the way to hear it say, as it settled down again, the Dodo solemnly presented the thimble, looking as solemn as she.','Odio temporibus perspiciatis non deleniti voluptas commodi. Veritatis eligendi atque sequi consectetur. Ullam veniam commodi consectetur.',43,43),('They all sat down at her hands, and began:-- \'You are old,\' said the Mock Turtle Soup is made from,\' said the Cat, as soon as it turned a corner, \'Oh my ears and the procession came opposite to.','Quis reiciendis voluptatem qui consequatur odit. Placeat deserunt et minima voluptates. Nesciunt expedita incidunt earum magnam nisi odit nihil. Nulla et eos dignissimos incidunt facilis.',44,44),('Pigeon; \'but if you\'ve seen them at dinn--\' she checked herself hastily. \'I thought you did,\' said the Hatter. \'Nor I,\' said the Hatter, with an M, such as mouse-traps, and the small ones choked and.','Adipisci esse ut quo dolore veritatis sed. Fuga ex possimus ut. Itaque saepe dignissimos possimus ut et nihil. Veritatis vero ex praesentium hic aut assumenda.',45,45),('HAVE you been doing here?\' \'May it please your Majesty,\' said the Gryphon. \'Do you take me for a good deal to come upon them THIS size: why, I should think!\' (Dinah was the first figure,\' said the.','Ut rerum corrupti eveniet maiores officia in est. Omnis dignissimos enim maxime sed eum et quisquam id. Ea quia soluta et repellat quaerat.',46,46),('How neatly spread his claws, And welcome little fishes in With gently smiling jaws!\' \'I\'m sure those are not the smallest idea how to begin.\' For, you see, Alice had begun to repeat it, when a cry.','Dicta eos corporis dignissimos doloremque incidunt occaecati. Odit itaque nihil quod.',47,47),('Hatter instead!\' CHAPTER VII. A Mad Tea-Party There was a different person then.\' \'Explain all that,\' said the Footman, \'and that for two reasons. First, because I\'m on the glass table as before,.','Provident eligendi voluptas et velit corporis. Et voluptatem reprehenderit ad corporis ut aspernatur repellat aut. Officiis illo architecto facilis occaecati quis et.',48,48),('CHAPTER II. The Pool of Tears \'Curiouser and curiouser!\' cried Alice in a thick wood. \'The first thing she heard it muttering to himself as he spoke, and then at the window, and one foot to the.','Ducimus eos consequuntur et fugit dolor. Et quam velit eius id quam dolore et.',49,49),('Alice began to feel a little before she had tired herself out with his knuckles. It was opened by another footman in livery, with a growl, And concluded the banquet--] \'What IS the fun?\' said Alice..','Ducimus nihil rerum fuga mollitia voluptatem. Quis ex numquam eligendi quia natus totam. Inventore dolor libero sed voluptatem dicta reiciendis. Ab aut tenetur dolore.',50,50),('Alice sharply, for she had been all the time she found she could for sneezing. There was no longer to be otherwise than what you would seem to have wondered at this, but at the Queen, who was.','Nostrum ab porro consequatur. Velit vel ducimus labore quo. Unde quia quisquam voluptas dolores ratione. Voluptas omnis ut ab sed ad rerum est.',51,51),('CURTSEYING as you\'re falling through the doorway; \'and even if my head would go through,\' thought poor Alice, \'to speak to this mouse? Everything is so out-of-the-way down here, that I should.','Consequatur provident enim et cumque velit nesciunt. Aut sed autem velit ut. Maiores et dolorum nulla consequatur odio quo incidunt.',52,52),('Mary Ann, and be turned out of the miserable Mock Turtle. \'Hold your tongue!\' added the Dormouse. \'Don\'t talk nonsense,\' said Alice in a mournful tone, \'he won\'t do a thing before, and he called the.','Quo nulla debitis occaecati quidem. Ratione blanditiis inventore tempore consequuntur ullam. Et voluptatem dicta dolor pariatur mollitia rerum. Itaque qui quae beatae sed eos eos qui.',53,53),('Besides, SHE\'S she, and I\'m sure I can\'t show it you myself,\' the Mock Turtle yet?\' \'No,\' said Alice. \'I mean what I get\" is the same thing, you know.\' \'I DON\'T know,\' said Alice very humbly: \'you.','In pariatur fugit error animi impedit. Sunt distinctio distinctio consequuntur excepturi accusamus rem est et. Odio voluptatibus nihil at.',54,54),('But her sister on the trumpet, and then the different branches of Arithmetic--Ambition, Distraction, Uglification, and Derision.\' \'I never said I could say if I know THAT well enough; don\'t be.','Debitis est nostrum non alias aut temporibus sit. Voluptatem repellendus sed dolor nesciunt. Consequatur tempora neque tempora et. Dolorem adipisci assumenda ut nesciunt.',55,55),('Come on!\' So they couldn\'t see it?\' So she began: \'O Mouse, do you call him Tortoise--\' \'Why did you do lessons?\' said Alice, in a tone of great curiosity. \'Soles and eels, of course,\' he said in a.','Rerum maxime ut quae similique voluptatem. Est quae occaecati saepe ducimus. Ducimus fugiat et sunt dolorem quasi quos.',56,56),('This was such a dreadful time.\' So Alice began in a whisper.) \'That would be QUITE as much right,\' said the Queen, \'and take this child away with me,\' thought Alice, \'and why it is right?\' \'In my.','Praesentium aliquid reiciendis est aut et nobis est quia. Eos ex amet placeat mollitia dolores. Distinctio et enim dicta sed consequatur nulla iure.',57,57),('The Dormouse shook itself, and was gone across to the little golden key, and when she next peeped out the Fish-Footman was gone, and, by the pope, was soon left alone. \'I wish the creatures order.','Expedita nobis eum assumenda dolorum. Facilis ab voluptatem ut. Similique iste adipisci quo quia nesciunt maxime non nobis. Sit facilis facilis ea sint et.',58,58),('Alice to herself. (Alice had no pictures or conversations in it, and burning with curiosity, she ran with all her life. Indeed, she had been found and handed them round as prizes. There was.','Beatae corporis quaerat distinctio eius a ut nam. Impedit incidunt impedit rem officiis. Iste doloremque eius ullam ipsa iste voluptatibus. Suscipit quia aspernatur est quia magnam.',59,59),('Sir, With no jury or judge, would be only rustling in the air. \'--as far out to the end of your nose-- What made you so awfully clever?\' \'I have answered three questions, and that makes you forget.','Molestiae molestias vel harum consectetur. Fuga non laudantium dignissimos beatae voluptates.',60,60),('She had not gone (We know it to be Number One,\' said Alice. \'Of course not,\' Alice cautiously replied: \'but I know all the creatures argue. It\'s enough to try the first verse,\' said the Lory.','Voluptas quo laborum aut enim ullam veniam qui. Ut numquam deserunt quisquam in mollitia ullam. Asperiores minima aut sed sed reprehenderit quis. Sed nisi molestiae iure et eos.',61,61),('I should have croqueted the Queen\'s shrill cries to the cur, \"Such a trial, dear Sir, With no jury or judge, would be like, \'--for they haven\'t got much evidence YET,\' she said to one of the baby?\'.','Corrupti cupiditate voluptate provident est. Laboriosam nulla voluptates quibusdam porro fugiat dolore laboriosam. Sit minima suscipit perferendis porro perferendis expedita.',62,62),('NOT be an old conger-eel, that used to say.\' \'So he did, so he did,\' said the King. The next witness would be of very little way out of the door began sneezing all at once. The Dormouse shook.','Consequatur sed consequatur ut magni et ipsam. Et et quia sequi nam qui deserunt. Et sunt culpa labore quibusdam.',63,63),('Cheshire cats always grinned; in fact, a sort of circle, (\'the exact shape doesn\'t matter,\' it said,) and then sat upon it.) \'I\'m glad I\'ve seen that done,\' thought Alice. \'I mean what I see\"!\' \'You.','Necessitatibus sapiente aut dolores eius facere expedita et. Molestiae rerum et dolorum nobis enim.\nSit sed error quo et eligendi et iste. Dolorum autem quos totam sapiente saepe sit.',64,64),('Alice, very much confused, \'I don\'t think it\'s at all a pity. I said \"What for?\"\' \'She boxed the Queen\'s hedgehog just now, only it ran away when it saw mine coming!\' \'How do you know why it\'s.','Qui exercitationem non suscipit harum et iste libero. Dicta et rerum occaecati harum. Quia fugiat dolor id et aperiam.',65,65),('I ever heard!\' \'Yes, I think that there was a little snappishly. \'You\'re enough to try the whole pack rose up into a conversation. Alice felt so desperate that she ran out of the baby, and not to.','Aspernatur aut itaque optio cumque laudantium. Suscipit ut sunt officia. Vel aliquid aliquid quisquam earum tempore. Debitis facilis repellendus impedit nihil.',66,66),('Alice thought she had known them all her life. Indeed, she had found the fan she was appealed to by all three dates on their slates, and she said this, she came suddenly upon an open place, with a.','Consectetur qui ut minus quas ut quod ducimus nemo. Quam asperiores perspiciatis eum quo voluptatem voluptatibus numquam. Cupiditate asperiores consequatur aliquid sunt quia voluptas.',67,67),('HATED cats: nasty, low, vulgar things! Don\'t let him know she liked them best, For this must ever be A secret, kept from all the players, except the Lizard, who seemed to Alice again. \'No, I.','Labore velit fuga qui quis reiciendis vero maiores. Qui optio voluptates iusto sapiente velit repellendus. Tenetur totam tempore optio nihil.',68,68),('Alice, every now and then treading on my tail. See how eagerly the lobsters to the Classics master, though. He was looking at the Hatter, who turned pale and fidgeted. \'Give your evidence,\' said the.','Consequatur sint et odio molestiae sit voluptatem tempora. Ut facilis quas at. Veritatis voluptate et libero assumenda quisquam alias.',69,69),('Gryphon. \'Of course,\' the Gryphon whispered in reply, \'for fear they should forget them before the officer could get away without being seen, when she had not gone far before they saw the Mock.','Vero est veritatis voluptas nobis blanditiis commodi vel. Corrupti beatae autem aut quaerat. Recusandae exercitationem quisquam autem. Dolor est qui veniam veniam repellat autem animi.',70,70),('But at any rate, there\'s no name signed at the stick, and made believe to worry it; then Alice put down yet, before the trial\'s begun.\' \'They\'re putting down their names,\' the Gryphon never learnt.','Dignissimos dolores voluptates veritatis et quia. Numquam alias et molestias. Et voluptatum et harum officia magnam quo.',71,71),('Alice. \'Then you may nurse it a very truthful child; \'but little girls of her favourite word \'moral,\' and the beak-- Pray how did you ever saw. How she longed to get in at the proposal. \'Then the.','Est ut esse maxime reiciendis provident dignissimos odit. Expedita accusantium corporis architecto ut et mollitia. Qui non aut laborum quia quis omnis autem.',72,72),('Improve his shining tail, And pour the waters of the Lobster; I heard him declare, \"You have baked me too brown, I must sugar my hair.\" As a duck with its head, it WOULD twist itself round and get.','Rerum eligendi labore esse laudantium ut commodi. Nemo saepe possimus voluptatem consequatur. Et omnis voluptates quia consequatur quibusdam ut.',73,73),('French lesson-book. The Mouse only growled in reply. \'Idiot!\' said the Duchess, who seemed to be a book written about me, that there was a little of her sharp little chin into Alice\'s shoulder as.','Ut incidunt voluptatem eaque rerum alias. Minima alias harum nostrum est harum beatae aliquam. Minima repellat consequatur minus temporibus sit.',74,74),('I to do?\' said Alice. \'Did you speak?\' \'Not I!\' he replied. \'We quarrelled last March--just before HE went mad, you know--\' \'But, it goes on \"THEY ALL RETURNED FROM HIM TO YOU,\"\' said Alice. \'I\'ve.','Sed voluptatem qui fugiat. Commodi in sed nesciunt consequuntur consequatur qui. Quibusdam quaerat ea non quaerat et placeat corporis.',75,75),('ALICE\'S LOVE). Oh dear, what nonsense I\'m talking!\' Just then her head struck against the roof was thatched with fur. It was the White Rabbit as he came, \'Oh! the Duchess, digging her sharp little.','Eum velit consequatur fugiat nemo. Voluptatem soluta facilis accusantium quia. Ducimus iure maiores qui recusandae cum sunt aperiam.',76,76),('Quick, now!\' And Alice was thoroughly puzzled. \'Does the boots and shoes!\' she repeated in a frightened tone. \'The Queen will hear you! You see, she came suddenly upon an open place, with a soldier.','Praesentium dicta neque rerum. Vel quas esse doloribus sed ipsa asperiores. Consequatur et temporibus officia perferendis nisi. Soluta voluptatem sit fuga et aut dolorum corrupti.',77,77),('Bill had left off when they liked, so that by the hand, it hurried off, without waiting for turns, quarrelling all the jurymen on to himself as he spoke. \'A cat may look at a reasonable pace,\' said.','Tempora non vel totam nihil. Ut asperiores repellat est quo amet vitae commodi. Consequatur voluptatem et ab est hic expedita vel. Quasi sed cumque qui nisi vitae suscipit.',78,78),('I don\'t like the look of things at all, as the other.\' As soon as look at it!\' This speech caused a remarkable sensation among the distant sobs of the lefthand bit of mushroom, and crawled away in.','Ducimus officia omnis eligendi consequatur. Explicabo et et molestiae. Quo facilis dignissimos illum repudiandae. Voluptas ab aut totam vel.',79,79),('Shark, But, when the White Rabbit. She was moving them about as she could get away without being seen, when she was quite surprised to see what was on the top of her little sister\'s dream. The long.','Minus soluta odit iste sint vitae magni voluptas. Dolore autem consequatur et doloremque. Libero veniam repudiandae ab ut debitis. Vel laudantium et nostrum consequuntur dolorem ut laborum.',80,80),('I didn\'t!\' interrupted Alice. \'You did,\' said the Hatter, who turned pale and fidgeted. \'Give your evidence,\' said the Mock Turtle persisted. \'How COULD he turn them out with his nose, you know?\'.','Sed consequuntur cum sit omnis qui numquam et. Praesentium sint dolor sed. Quos itaque laborum maxime adipisci aut natus itaque accusamus. Aut labore minus rem esse molestias.',81,81),('I almost wish I\'d gone to see the earth takes twenty-four hours to turn into a line along the course, here and there. There was certainly not becoming. \'And that\'s the jury, who instantly made a.','Ea numquam sed in quo. Libero qui tempore quo voluptatem nam voluptatem ut.',82,82),('COULD he turn them out of court! Suppress him! Pinch him! Off with his whiskers!\' For some minutes it puffed away without speaking, but at the stick, and made believe to worry it; then Alice dodged.','Voluptatem aperiam necessitatibus facere facilis est culpa et repellendus. Repellendus qui omnis accusamus quis. Distinctio officiis quia esse delectus dolores fuga architecto.',83,83),('His voice has a timid and tremulous sound.] \'That\'s different from what I see\"!\' \'You might just as well as she could, for the hot day made her draw back in a trembling voice:-- \'I passed by his.','Facilis qui asperiores sit. Vel porro ab sit dolor. Consequuntur dolorum laboriosam rem perspiciatis et.',84,84),('Why, there\'s hardly enough of me left to make SOME change in my life!\' Just as she ran; but the Dodo suddenly called out in a very small cake, on which the wretched Hatter trembled so, that Alice.','Est tempora eveniet animi qui facere. Non nostrum dolore cum eligendi ut. Neque voluptatum quia aut qui nesciunt dolor molestiae. Blanditiis aut beatae pariatur qui perspiciatis voluptas ipsum.',85,85),('Queen put on his spectacles and looked at each other for some way of settling all difficulties, great or small. \'Off with her head!\' about once in a dreamy sort of present!\' thought Alice. \'I\'ve so.','Molestias aut incidunt numquam ullam iure. Sit at eaque autem maiores id qui perspiciatis. Dolorem velit eum reprehenderit atque velit et eaque. Recusandae ut et ipsa quae soluta sint nesciunt.',86,86),('Majesty,\' said Two, in a bit.\' \'Perhaps it hasn\'t one,\' Alice ventured to ask. \'Suppose we change the subject of conversation. \'Are you--are you fond--of--of dogs?\' The Mouse gave a little queer,.','Aperiam sapiente nesciunt tempora rerum quasi sequi quidem alias. Dolore eligendi minima atque harum dignissimos officiis debitis excepturi. Vero et quasi repellat veritatis ad.',87,87),('I say,\' the Mock Turtle replied in a dreamy sort of life! I do so like that curious song about the right way to change the subject,\' the March Hare. Alice was a sound of a good deal frightened at.','Sunt dolorum corrupti nam. Illo ipsa debitis quis perspiciatis earum labore ex.\nEa ab sit distinctio sunt sed architecto quia. Velit laboriosam non maxime nulla ipsum. Rerum qui harum et enim.',88,88),('I suppose Dinah\'ll be sending me on messages next!\' And she kept tossing the baby with some curiosity. \'What a curious plan!\' exclaimed Alice. \'And be quick about it,\' added the Gryphon, with a pair.','Ex consectetur odio hic saepe ut. Saepe voluptate iusto nesciunt qui pariatur quia. Dolor quo corporis aspernatur ut officiis. Incidunt facere eum earum error autem eaque.',89,89),('Alice as he spoke. \'A cat may look at all anxious to have no answers.\' \'If you please, sir--\' The Rabbit Sends in a hoarse, feeble voice: \'I heard the Queen\'s shrill cries to the heads of the wood.','Odit ipsam cum aut facilis laboriosam voluptate corporis. Vitae nemo eos ut fuga doloribus ipsam odit. Quasi maxime esse quidem tempore eius illum sequi.',90,90),('I the same age as herself, to see the Mock Turtle, capering wildly about. \'Change lobsters again!\' yelled the Gryphon said to the Gryphon. \'The reason is,\' said the Duchess; \'I never was so much.','Omnis quasi totam eum aut adipisci dolore. Soluta et et impedit.',91,91),('The other side of WHAT?\' thought Alice; \'but a grin without a cat! It\'s the most curious thing I ask! It\'s always six o\'clock now.\' A bright idea came into her eyes; and once she remembered trying.','Sit qui cupiditate maxime perspiciatis sed. Sunt sed aut vel sed quis eligendi sit. Maxime eos fuga nesciunt amet. Facere sit quae aut occaecati quos laudantium deserunt aliquam.',92,92),('You gave us three or more; They all sat down a large canvas bag, which tied up at the Mouse\'s tail; \'but why do you know why it\'s called a whiting?\' \'I never could abide figures!\' And with that she.','Rem eum quia neque adipisci. Pariatur qui dolores necessitatibus aut. Iusto cum est dolorem non. Et qui unde autem ut sunt.',93,93),('At last the Dodo suddenly called out as loud as she could remember them, all these changes are! I\'m never sure what I\'m going to happen next. First, she tried the effect of lying down with one eye;.','Sequi ducimus facere ad. Sit velit rerum illo totam et in quia. Eius et et quod aperiam odit.',94,94),('That he met in the wood,\' continued the Pigeon, raising its voice to a mouse: she had looked under it, and kept doubling itself up very sulkily and crossed over to the three were all ornamented with.','Est ea libero earum nemo totam. Fugiat magnam repellat dicta facilis soluta. Cum maxime minus unde nobis error sit nesciunt. Sapiente nihil iusto eligendi quia.',95,95),('Just then her head struck against the door, she ran with all her life. Indeed, she had to do it?\' \'In my youth,\' said the Mock Turtle replied in a natural way again. \'I wonder if I was, I shouldn\'t.','Sed rerum tenetur quas natus facilis. Id aut sunt qui est corrupti eveniet exercitationem odit. Accusantium voluptatem facilis sit dolores. Quis asperiores vel vel aut.',96,96),('Alice. \'I\'m a--I\'m a--\' \'Well! WHAT are you?\' said Alice, rather alarmed at the beginning,\' the King eagerly, and he went on for some time after the candle is blown out, for she was now more than.','Molestiae omnis eaque sed commodi. Odit dolorum mollitia consequatur fugiat voluptatem. Sit aut beatae eum praesentium magni. Qui hic dolor in consequatur aut reiciendis.',97,97),('Caterpillar; and it was the Cat remarked. \'Don\'t be impertinent,\' said the Caterpillar. \'Well, I\'ve tried banks, and I\'ve tried hedges,\' the Pigeon the opportunity of taking it away. She did not.','Sit quae corrupti reprehenderit. Ratione et quisquam consequatur quo neque doloribus. Impedit sit aut eligendi ut est inventore beatae. Deserunt perferendis consectetur exercitationem voluptate.',98,98),('Hatter, \'you wouldn\'t talk about cats or dogs either, if you want to stay with it as to the Queen, in a soothing tone: \'don\'t be angry about it. And yet you incessantly stand on their slates, and.','Totam molestias rerum iure officia aut molestiae nemo. Et qui culpa alias omnis qui. A necessitatibus fugiat aliquid perspiciatis magni qui. Doloremque commodi aut possimus et porro.',99,99),('A little bright-eyed terrier, you know, this sort of chance of this, so she went on: \'But why did they live at the bottom of a well?\' \'Take some more bread-and-butter--\' \'But what am I to get an.','Itaque eaque enim dolorem excepturi maiores adipisci. Similique omnis quis odit et. Similique libero quia quas molestiae molestiae illo eos.',100,100);
/*!40000 ALTER TABLE `knowledge_base` ENABLE KEYS */;
UNLOCK TABLES;

--
-- Table structure for table `messages`
--

DROP TABLE IF EXISTS `messages`;
/*!40101 SET @saved_cs_client     = @@character_set_client */;
/*!40101 SET character_set_client = utf8 */;
CREATE TABLE `messages` (
  `id` bigint(20) unsigned NOT NULL AUTO_INCREMENT,
  `from_user_id` bigint(20) unsigned NOT NULL,
  `to_user_id` bigint(20) unsigned NOT NULL,
  `body` text COLLATE utf8mb4_unicode_ci DEFAULT NULL,
  `created_at` datetime DEFAULT current_timestamp(),
  PRIMARY KEY (`id`),
  KEY `from_user_id` (`from_user_id`),
  KEY `to_user_id` (`to_user_id`),
  CONSTRAINT `messages_ibfk_1` FOREIGN KEY (`from_user_id`) REFERENCES `users` (`id`) ON DELETE CASCADE ON UPDATE CASCADE,
  CONSTRAINT `messages_ibfk_2` FOREIGN KEY (`to_user_id`) REFERENCES `users` (`id`) ON DELETE CASCADE ON UPDATE CASCADE
) ENGINE=InnoDB AUTO_INCREMENT=101 DEFAULT CHARSET=utf8mb4 COLLATE=utf8mb4_unicode_ci;
/*!40101 SET character_set_client = @saved_cs_client */;

--
-- Dumping data for table `messages`
--

LOCK TABLES `messages` WRITE;
/*!40000 ALTER TABLE `messages` DISABLE KEYS */;
INSERT INTO `messages` VALUES (1,1,1,'Assumenda dolores in possimus dolores illum. Sit est molestiae sint voluptate suscipit nostrum suscipit voluptatem. Qui ut suscipit facilis vero voluptatem rerum aut.','2011-03-09 02:55:26'),(2,2,2,'Similique nemo dolor inventore dolor eveniet. Praesentium quas quod sint aliquam doloribus iure. Unde dolorem dolor voluptates ipsum quos saepe officiis.','1991-12-14 13:14:55'),(3,3,3,'Dolor et id itaque adipisci voluptas et. Magnam ipsa ipsum autem soluta natus sed. Voluptate a facilis est quae ea assumenda alias.','1974-10-02 22:59:59'),(4,4,4,'Modi tempora quam omnis reprehenderit fugiat. Accusamus porro et ea. Voluptatem odit velit reiciendis dolorum quibusdam voluptates sunt. Earum quia temporibus excepturi corporis sed dignissimos voluptatem.','1988-09-11 18:05:26'),(5,5,5,'Aut blanditiis ut ipsa quia. Saepe laborum ut consequatur. Debitis aut et porro vitae deleniti.','1986-04-25 23:30:00'),(6,6,6,'Et sint qui quos voluptatem maxime. Laboriosam dolores dignissimos neque aut assumenda ipsa. Perferendis corrupti totam perferendis qui odit aspernatur culpa eum.','1993-12-25 05:59:01'),(7,7,7,'Sint est et nemo quo voluptatem voluptatem. Dolores quasi et hic provident. Esse aut sint dolorem quidem. Asperiores blanditiis rem sed id sit cupiditate.','2012-05-04 18:53:01'),(8,8,8,'Ipsa quod sit sed quis officiis aliquam. Et suscipit voluptas dolorem et alias eos.','1997-05-09 22:20:33'),(9,9,9,'Eum ut unde et quia aut magni quas. Ducimus veniam commodi ipsam. Nemo ea consequatur culpa accusamus voluptas in. Consequatur voluptas voluptatem consequatur ex mollitia. Commodi minima consequatur aliquid facilis.','1972-05-20 20:25:31'),(10,10,10,'Quisquam nam laborum temporibus debitis quos cupiditate. Impedit cupiditate corrupti et numquam expedita consequuntur. Nihil sed et repudiandae et.','1975-02-24 06:56:58'),(11,11,11,'Eum aperiam nihil blanditiis recusandae quia accusantium fuga itaque. Et id dolorum dolores enim at. Eligendi delectus modi veniam voluptatem. Corrupti nostrum quibusdam molestias dolorem dolorum suscipit quidem. Numquam nulla magni molestiae assumenda.','1997-06-29 13:16:08'),(12,12,12,'Optio fuga illum sunt dolores ab. Quia eos fuga illum sunt ratione quaerat non aut. Perspiciatis veritatis minima qui corrupti ea. Sed itaque totam quidem fugiat accusantium est deserunt beatae.','2002-11-29 20:41:31'),(13,13,13,'Recusandae aut aut harum consequatur sint. Ab tempore unde minima magni dignissimos quia esse. Et ea similique maxime illo. Et qui laudantium repudiandae velit.','1996-07-08 07:48:03'),(14,14,14,'Et voluptate repudiandae aliquid rerum veniam ipsum modi magnam. Et eos laudantium sit et odit fugit. Vitae voluptatem aut impedit cumque.','1983-07-20 21:25:55'),(15,15,15,'Dolores rerum cum et aut deserunt. Laboriosam amet dicta ea rem ratione maiores nam. Numquam voluptas quam voluptates voluptatibus velit eum. Ut voluptatibus et ut dicta suscipit explicabo cupiditate.','2013-05-27 11:34:52'),(16,16,16,'Ipsa quisquam ipsum vitae similique voluptatem reprehenderit. Quos quis pariatur quis quo. Et sed ut aut suscipit soluta iusto unde. Rerum sed rerum et id earum natus laborum est. Molestiae soluta dolor magni consequatur autem modi omnis.','2005-04-20 01:38:24'),(17,17,17,'Et ut quisquam omnis nam repudiandae maiores. Laboriosam sit quia ipsam doloribus consequatur odit voluptas. Enim et non illum exercitationem a possimus amet.','1999-09-20 11:37:23'),(18,18,18,'Dolorem ut dolore dolor nam qui aperiam officia. Eligendi autem excepturi laboriosam.','1971-07-30 21:03:17'),(19,19,19,'Id quis aspernatur dolorem corporis officia. Omnis cupiditate eveniet accusamus eaque quia. Dignissimos pariatur id repellendus est facilis.','2010-09-13 02:49:08'),(20,20,20,'Est eveniet praesentium laborum ut velit aut accusamus ad. Explicabo magnam necessitatibus sed quidem fugiat doloribus rerum. Doloremque cumque ullam et. Autem vel consequatur amet necessitatibus porro.','1990-11-10 17:26:04'),(21,21,21,'Nobis quia inventore qui ut autem reprehenderit. Voluptas nisi est quo quis et qui. Sint omnis ut accusamus dolor aperiam.','1981-01-20 14:44:43'),(22,22,22,'Animi fugiat et voluptates quia eius at necessitatibus. Dolor omnis ut amet esse. Et voluptatibus ullam harum nihil minus. Ipsam quia voluptatem quis cupiditate omnis dolores et.','2005-07-21 11:08:20'),(23,23,23,'Dolorem et et quia velit provident quae natus reprehenderit. Eius ab non necessitatibus quas. Porro debitis eum blanditiis ut molestiae. Delectus optio nobis maxime debitis doloremque et.','2019-04-20 06:08:38'),(24,24,24,'Aut corporis consectetur nam dicta. Ut quidem pariatur tempore numquam quas rerum. Aliquid sint recusandae repellat eveniet et.','1986-12-21 03:32:10'),(25,25,25,'Numquam voluptatem quod sint quia incidunt laborum est illo. Ratione neque autem perspiciatis.','1982-08-08 13:07:46'),(26,26,26,'Et eaque doloribus distinctio est et quia. Necessitatibus doloremque fugit consequuntur. Quis dolorem eos ipsum. Voluptatem natus autem ut ullam molestias. Earum rerum debitis fugit dolorem illo quisquam officiis.','1982-09-02 10:19:35'),(27,27,27,'Corrupti et nulla atque voluptatum. Dolorem ratione recusandae quibusdam et laborum quos. Omnis odio et officiis quo fugit inventore quibusdam.','1984-11-24 04:04:18'),(28,28,28,'Impedit et consequatur est quo voluptatem non dolorum explicabo. Pariatur omnis vitae in molestiae maxime provident in voluptas. Aut et ea et eos reiciendis culpa ducimus rerum. Consequatur eius earum nesciunt fugiat quam reprehenderit.','1993-12-09 18:24:29'),(29,29,29,'Consequuntur sit et culpa voluptatem. Exercitationem sit assumenda placeat.','2003-11-07 05:50:12'),(30,30,30,'Velit quaerat aliquam earum maxime vel quia. Vero non vero nisi. Est voluptatem animi qui quia qui. Laudantium quae maiores veniam error.','2008-01-29 18:15:04'),(31,31,31,'Non dolorem consequuntur quia dolor non cumque. Asperiores laudantium non voluptatem facilis ut eum. Aliquam neque incidunt eveniet a est molestias esse. Vel harum qui ut sed repellat.','2018-09-22 20:24:21'),(32,32,32,'Voluptatem laborum voluptas suscipit quia nostrum labore. Temporibus architecto vitae ea. Et adipisci autem quaerat sunt natus. Cumque asperiores velit blanditiis accusamus inventore illum est. Voluptatem ut qui et.','2002-11-20 13:13:55'),(33,33,33,'Perspiciatis aut nostrum dolore consectetur. Tempora vel perspiciatis distinctio odio molestiae veritatis molestiae. Voluptas maiores esse reiciendis soluta.','2013-02-20 03:35:34'),(34,34,34,'Voluptas eaque aut tempora eos pariatur in dolorem. Est aperiam sed minus omnis. Recusandae quod non laboriosam eum maiores molestiae. Facilis fugit officia ipsa quam mollitia ut inventore.','1987-11-05 14:17:45'),(35,35,35,'Est aut molestiae enim voluptatibus. Omnis qui culpa impedit aliquid ducimus repellendus quae sed. Sint ex sint error sunt. Velit ut fuga nulla non impedit dicta a.','1996-02-13 06:51:29'),(36,36,36,'Suscipit tenetur libero fugiat rerum sed laborum ut eligendi. Eum sed aliquid in. Veniam dicta ducimus sit nostrum cum.','1985-07-05 13:24:47'),(37,37,37,'Magni molestiae et autem mollitia qui ipsum. Velit dolor inventore quam. Sed molestias aut facilis sint qui. Aut ipsam rerum tenetur voluptatem non.','1995-08-31 04:32:03'),(38,38,38,'Rerum atque ut sed quia fugiat eos. Ducimus distinctio similique debitis nulla quaerat quibusdam sapiente. Laudantium unde ea officiis deleniti eum aliquid voluptatibus. Occaecati facilis eos cumque ipsum impedit possimus sit ad.','1994-03-21 18:03:21'),(39,39,39,'Maxime corrupti quia qui dignissimos. Nulla nostrum delectus beatae id id dolor ut deleniti. Hic officia ut aut et id nesciunt recusandae. Ipsam velit est omnis adipisci.','2018-10-24 21:23:02'),(40,40,40,'Quis exercitationem illum non est ullam. Quasi blanditiis enim distinctio vel aut molestias ex. Perspiciatis perferendis illum quibusdam est et quia.','2002-05-18 08:58:16'),(41,41,41,'Id ut placeat est. Cupiditate id facere mollitia qui rerum. Quidem id voluptatem omnis nemo.','1990-03-03 05:48:23'),(42,42,42,'Dolor omnis et nulla labore consequatur. Et sunt sit quo fugit itaque. Aut id molestiae ut et officiis odit. Laboriosam nam repudiandae velit est cum expedita exercitationem adipisci.','1999-01-16 08:43:35'),(43,43,43,'Necessitatibus voluptatem laudantium et. Necessitatibus labore autem impedit dicta at reiciendis ut. Officiis atque cumque voluptatem facilis et vitae quidem. Deserunt dolore minima numquam animi dicta est eum.','1984-11-12 17:36:00'),(44,44,44,'Doloribus exercitationem qui optio est modi voluptatem. Dolorem molestias eos assumenda temporibus commodi non dolor.','2001-02-18 08:18:04'),(45,45,45,'Error non veniam necessitatibus maxime repellendus beatae voluptatem. Voluptatibus ut omnis qui culpa. Tenetur sit quos est velit suscipit.','1988-01-23 12:45:19'),(46,46,46,'Nesciunt qui id officia rerum. Velit vero quaerat dolores provident. Fugiat quos vitae et numquam sapiente quidem expedita.','1981-02-11 07:22:51'),(47,47,47,'Facilis officia rerum aut accusantium. Harum eum ratione ad nemo expedita maiores sint. Exercitationem voluptatem tenetur perferendis aut voluptatibus. Mollitia reprehenderit reprehenderit dolore.','2002-09-23 02:33:42'),(48,48,48,'Eius iure ut doloremque assumenda nostrum. Quibusdam sint quis qui commodi blanditiis laborum. Iure esse autem itaque est et debitis.','2006-04-13 16:33:18'),(49,49,49,'Veniam quae sint quia id voluptas consequuntur dolore adipisci. Suscipit eum magnam in ut. Eum laborum exercitationem necessitatibus dolor.','1998-10-29 00:20:39'),(50,50,50,'Debitis qui dolores nihil eius quos. Voluptates quibusdam est enim doloremque laboriosam id veniam incidunt. Aut reiciendis odio sint occaecati. Quaerat architecto consequatur saepe consequatur et ullam.','2010-07-20 14:00:03'),(51,51,51,'Ea est aut molestias. Neque sunt enim omnis saepe tempora numquam. Id velit rerum pariatur. Ratione omnis rerum quia.','1998-07-13 03:00:50'),(52,52,52,'Corrupti quae quia cupiditate repellat quos voluptatibus consequuntur. Numquam in quidem sit et voluptatem dolores et et. At harum rem rerum qui. Amet numquam qui tenetur vitae impedit tempora error. Quaerat porro consequatur laboriosam temporibus maxime.','1982-04-19 17:32:32'),(53,53,53,'Voluptas at ut corporis harum deserunt. Magnam nemo voluptas impedit quas atque quasi. Quam dolores voluptatibus est totam ad rem quo.','2005-09-06 23:36:18'),(54,54,54,'Repudiandae qui voluptas ducimus est earum ut. Labore est deserunt quidem facere exercitationem libero. Ipsam pariatur est aut illo. Nihil voluptatum non tempora dolor aut voluptatibus.','2010-01-25 01:15:43'),(55,55,55,'Alias impedit ab vero et. Nisi aut dolore et vel omnis officiis ipsam. Modi in qui occaecati maiores. Rerum illum quis aut dolores temporibus dolor assumenda.','1983-04-28 04:26:48'),(56,56,56,'Nemo blanditiis culpa expedita illo voluptas omnis et. Consequatur natus repellendus doloremque qui dolorum sint eum. Voluptates vero repellat vero et rerum ut optio provident.','2002-04-02 12:41:08'),(57,57,57,'Maiores cumque qui placeat earum. Perspiciatis dolor deserunt aut mollitia itaque odio. Consequatur facere rerum rerum quos ut nostrum ut debitis. Ipsum assumenda consequatur exercitationem suscipit iste autem.','1991-01-23 23:55:17'),(58,58,58,'Architecto distinctio incidunt magni accusantium illum velit. Repellendus vel voluptatem tempore vitae. Qui consequatur possimus magnam vel. Quisquam qui et aliquid dolorem. Iste fugit vero eaque et voluptas autem.','1973-04-17 10:05:41'),(59,59,59,'Maiores eaque et quod ut sed deleniti accusantium debitis. Magni minima pariatur optio cupiditate. Praesentium quisquam quisquam nisi ut quae quisquam consequatur. Id explicabo qui repellat quia ad.','2009-09-30 18:26:09'),(60,60,60,'Maxime sit voluptatem omnis iure sunt at numquam. Facere molestias aut enim laudantium alias et. Sit aperiam rerum quod inventore commodi.','2010-05-20 22:38:07'),(61,61,61,'Omnis delectus dicta esse. Et ut possimus et laudantium. Rerum non laborum nobis nobis odit. Dolore et nihil dolorum et. Iusto libero officia aut voluptatem occaecati quia porro dolores.','2011-03-16 20:58:43'),(62,62,62,'Labore consequatur voluptas fugiat sint quasi aut sunt. Placeat voluptatum cupiditate eos molestiae vel expedita facere. Nihil repellat nihil est optio commodi voluptatum. Recusandae molestiae est est.','1995-10-10 08:49:09'),(63,63,63,'Dolores omnis sit aspernatur velit quaerat quod. Voluptas hic maxime labore suscipit. Nihil dolore neque et a et. Ut modi et impedit aperiam blanditiis aliquam quia.','1981-10-18 15:48:52'),(64,64,64,'Ab ipsam rerum quaerat voluptatum. Id dolor aut esse et maxime.','2019-03-07 06:35:21'),(65,65,65,'Sit corporis exercitationem sit voluptatem aliquid officia. Nisi tenetur quis consequuntur maiores sit ea. Suscipit totam itaque consectetur voluptas. Nulla voluptatem voluptatem incidunt perspiciatis aut sapiente labore vel.','2004-10-24 13:06:19'),(66,66,66,'Id in officiis soluta molestiae expedita rerum. Culpa fugit dolorem quis. Id quis eaque pariatur inventore. Et repudiandae nihil accusamus exercitationem doloremque occaecati iste voluptatibus.','1995-04-10 05:23:51'),(67,67,67,'Odit dolores fugiat quo molestiae deserunt asperiores. Et odit sint ea consequatur aut dignissimos maxime. Rem vero dicta delectus dicta veritatis pariatur. Itaque vel saepe quis aliquid autem fugit. Qui voluptatem beatae modi eius.','1980-01-26 23:30:08'),(68,68,68,'Nemo et non in rerum eos aliquid. Exercitationem neque assumenda nam distinctio magni. Iure animi omnis quo quasi.','1991-05-10 05:36:25'),(69,69,69,'Consequatur eum ut deleniti doloribus ut at et id. Est amet dolorum porro assumenda non. Praesentium numquam totam totam corrupti laboriosam dicta.','1972-06-16 21:56:24'),(70,70,70,'Ullam sunt asperiores quisquam odit. Quae illum odit fuga soluta. Reprehenderit molestiae necessitatibus accusantium iste. Sint est quisquam facere optio doloremque voluptate.','1994-07-21 07:43:34'),(71,71,71,'Ipsa ut nobis ut iure. Ad consequatur culpa aut dolore amet possimus. Neque eum veritatis tenetur voluptatem qui veritatis.','2005-06-22 07:55:07'),(72,72,72,'Voluptatem dicta qui expedita perferendis vitae inventore. Non facilis aut natus dignissimos a et voluptatem. Expedita atque sed est tenetur nihil adipisci autem. Suscipit repellendus praesentium aut laudantium aliquid voluptatem.','1984-11-14 14:09:32'),(73,73,73,'Cum illum voluptatem dolorum sequi esse. Alias nihil et architecto. Voluptatem est rem ut ut. Dolorem natus qui consequatur corrupti cupiditate tempore.','2019-04-08 12:05:53'),(74,74,74,'Iusto voluptatem exercitationem ipsa et neque eos. Velit animi unde accusamus voluptatem sit magni. Incidunt commodi voluptatem qui et nemo doloribus quia. Non doloremque corrupti impedit deleniti fugiat. Rerum dolor magni quia natus ex amet veniam.','2006-06-23 17:39:51'),(75,75,75,'Veniam autem rerum suscipit cupiditate natus consequatur. Et qui ut et consequuntur consequuntur eum dicta. Accusantium quis suscipit sunt veritatis enim laudantium et.','2008-07-25 12:27:53'),(76,76,76,'Autem eum cum voluptas sit sunt officia est illo. Eveniet tenetur laborum similique officiis et unde. Et est et sint.','1982-03-01 01:43:01'),(77,77,77,'Iste eum labore et repellat cum. Sequi sequi eaque neque laudantium atque. Repudiandae et ab reiciendis aliquid necessitatibus ea iusto hic. Sint blanditiis pariatur minus ducimus molestias velit.','2019-08-26 00:01:17'),(78,78,78,'Qui et aut et repellat est vel. Temporibus quia quidem fugiat nostrum. Dicta vel quia nisi laborum quia.','2021-03-04 00:54:18'),(79,79,79,'Eum qui et accusantium fuga. Voluptas odio aut officia minus quam quis amet explicabo. Quod sed aut deleniti consequatur totam nostrum. Libero est voluptatem maiores.','1981-06-06 13:17:49'),(80,80,80,'Nam mollitia rerum quibusdam. Earum maxime asperiores tempore facere. Et id architecto consectetur sit sed in.','2000-03-16 17:54:18'),(81,81,81,'Excepturi dolores ratione consequatur eius incidunt. Quis vel quo vel ullam. Repudiandae et deleniti atque quod assumenda tempora. Quo aliquid et et magnam rerum deserunt culpa.','1986-05-03 03:34:53'),(82,82,82,'Minima ad corrupti quibusdam repellendus possimus odio eum. Similique similique natus illum. Quo ab nam aperiam eum velit voluptas animi qui.','1996-11-12 19:13:47'),(83,83,83,'Eos qui quaerat eius. Sed consectetur consequatur rerum placeat doloribus nihil.','1987-02-24 11:14:41'),(84,84,84,'Laborum omnis aut dolores. Laudantium maxime omnis optio ex quia molestiae. Sed enim eos ea. Voluptas temporibus aut a illo.','1977-04-28 14:01:47'),(85,85,85,'Non voluptatem placeat doloribus ut dolorem. Maiores nam facilis eius sint et quos rerum.','1978-08-06 04:37:50'),(86,86,86,'Rerum quos tenetur at eveniet rerum voluptates. Perferendis eum eaque eligendi aut. Omnis rerum autem qui nobis.','1992-05-10 12:26:20'),(87,87,87,'Delectus provident in ad. Et quia quia distinctio ut et nobis vitae. Quis explicabo recusandae maiores reiciendis. Ea ea omnis sit animi repellendus et.','2011-07-06 03:58:26'),(88,88,88,'Voluptate vitae et molestiae et natus molestiae est. Eligendi earum perferendis qui similique sit reprehenderit veniam. Voluptatum inventore rerum necessitatibus et provident exercitationem voluptas. Ut modi iure aliquam. Aliquam esse nesciunt delectus animi magni incidunt perspiciatis.','2018-05-02 09:29:06'),(89,89,89,'Sunt dolores iste ab doloremque quibusdam. Enim id mollitia minima tempore nostrum reiciendis. Mollitia iure molestias esse quasi dolores qui.','1974-07-20 10:47:28'),(90,90,90,'Et reprehenderit necessitatibus eligendi. Facilis laborum pariatur impedit animi iusto ullam sequi. Quis illo laboriosam labore consequatur tenetur cumque nihil est. Quis facilis ut aut sequi tenetur ad perspiciatis.','2001-10-28 08:08:06'),(91,91,91,'Et natus deleniti quia repudiandae sed odit. Qui est sunt explicabo eius qui quis. Minima tenetur molestias sed optio molestiae commodi.','2015-11-02 20:52:51'),(92,92,92,'Quaerat est ipsum praesentium quis. Vel sint animi nostrum vel quidem reprehenderit. Maxime iusto alias aspernatur sit fugiat. Temporibus ullam nulla laudantium.','1996-08-23 17:06:24'),(93,93,93,'Totam assumenda vitae quidem odit nihil consequatur. Veritatis qui ab odio natus cupiditate. Ab voluptatem nesciunt doloribus minus harum cumque.','1997-05-14 21:11:24'),(94,94,94,'Sed eaque nihil quae dolorem ipsum rem et sunt. Aliquam est ad tenetur dolorem porro animi. Voluptate tenetur aut architecto voluptates sed. Ducimus est beatae consequatur iusto facere sunt hic blanditiis.','2018-06-10 15:52:46'),(95,95,95,'Ut facere nam impedit et est doloribus totam. Eum accusantium suscipit corrupti ea pariatur commodi recusandae.','1972-11-15 11:34:23'),(96,96,96,'Dicta amet error in dolorum tenetur vitae qui. Quo voluptates qui amet quia in qui. Doloribus quod repellat consequatur atque assumenda beatae tenetur.','1974-05-23 17:58:27'),(97,97,97,'Ab iusto non ut ex dolorum placeat voluptas totam. Quos iure nihil distinctio qui deserunt. Esse quidem voluptas natus qui facilis deserunt sunt odit.','2004-05-30 14:32:42'),(98,98,98,'Possimus neque dolorem aut enim non. Quas necessitatibus sed dicta dicta provident ratione quis. Sit delectus unde quas eum perferendis.','1993-01-15 15:10:46'),(99,99,99,'Ut dolor ab et cupiditate commodi ducimus tempore. Aperiam facere itaque doloremque eligendi. Quaerat inventore in laborum eligendi ea. Accusamus sed quis eaque eum et sit laborum.','2009-03-15 17:39:03'),(100,100,100,'Deleniti exercitationem laborum dolorum nostrum. Voluptate qui velit voluptatem laborum. Sint velit est officiis enim iure corrupti. Nihil quia rerum sit facilis vitae perspiciatis suscipit.','1976-07-23 01:52:26');
/*!40000 ALTER TABLE `messages` ENABLE KEYS */;
UNLOCK TABLES;

--
-- Table structure for table `profiles`
--

DROP TABLE IF EXISTS `profiles`;
/*!40101 SET @saved_cs_client     = @@character_set_client */;
/*!40101 SET character_set_client = utf8 */;
CREATE TABLE `profiles` (
  `user_id` bigint(20) unsigned NOT NULL AUTO_INCREMENT,
  `age` varchar(3) COLLATE utf8mb4_unicode_ci DEFAULT NULL COMMENT '???????',
  `city` varchar(100) COLLATE utf8mb4_unicode_ci DEFAULT NULL COMMENT '?????',
  `gender` char(1) COLLATE utf8mb4_unicode_ci DEFAULT NULL COMMENT '???',
  `birthday` date DEFAULT NULL COMMENT '???? ????????',
  `accounts_id` bigint(20) unsigned DEFAULT NULL,
  `created_at` datetime DEFAULT current_timestamp(),
  `hometown` varchar(100) COLLATE utf8mb4_unicode_ci DEFAULT NULL,
  PRIMARY KEY (`user_id`),
  CONSTRAINT `fk_user_id` FOREIGN KEY (`user_id`) REFERENCES `users` (`id`) ON DELETE CASCADE ON UPDATE CASCADE
) ENGINE=InnoDB AUTO_INCREMENT=101 DEFAULT CHARSET=utf8mb4 COLLATE=utf8mb4_unicode_ci;
/*!40101 SET character_set_client = @saved_cs_client */;

--
-- Dumping data for table `profiles`
--

LOCK TABLES `profiles` WRITE;
/*!40000 ALTER TABLE `profiles` DISABLE KEYS */;
INSERT INTO `profiles` VALUES (1,'38.','Hesselfurt','f','2005-02-23',1,'2013-06-18 12:39:41','Seamusshire'),(2,'21.','New Cletahaven','m','2018-04-04',2,'2016-03-06 21:13:53','Parkerstad'),(3,'31.','Aileenland','m','2002-11-08',3,'2001-10-01 16:57:23','South Josefashire'),(4,'44.','East Marlene','f','2014-07-27',4,'1979-04-22 11:55:18','Boganhaven'),(5,'53.','Lake Jeanette','f','1973-10-13',5,'2002-01-27 00:50:44','Olsonview'),(6,'22.','South Anthony','m','2017-02-14',6,'1992-04-24 20:24:51','North Veldahaven'),(7,'20.','North Shanamouth','f','1987-09-01',7,'2001-07-25 16:55:05','Leonelhaven'),(8,'50.','Feesthaven','m','1988-11-20',8,'2010-08-30 07:59:39','Kilbackmouth'),(9,'54.','South Xzavierburgh','f','2010-07-19',9,'1979-01-21 00:42:43','Theachester'),(10,'34','Lake Baron','f','2000-03-10',10,'2007-01-18 08:08:54','Nicolaton'),(11,'41.','Clotildemouth','m','1978-10-02',11,'1971-04-05 07:26:03','Jasenmouth'),(12,'46.','New Maudchester','f','2009-02-27',12,'2020-11-11 21:05:58','East Margretborough'),(13,'54.','Rueckerville','f','2014-10-13',13,'2021-05-15 19:40:33','North Friedaton'),(14,'51.','South Unashire','f','1975-11-29',14,'1994-10-29 02:19:33','Xzavierborough'),(15,'37.','New Taryn','f','1981-10-24',15,'1974-12-05 11:39:41','East Jabarishire'),(16,'37.','Dickiport','f','2010-05-08',16,'2015-02-12 16:41:13','Destiniview'),(17,'21.','Romagueraburgh','f','1989-04-11',17,'2019-02-14 06:42:35','Lake Othaville'),(18,'32.','Langoshmouth','m','1973-01-17',18,'2020-03-30 10:03:06','Lake Sylvester'),(19,'20.','Tyriqueville','m','1978-03-06',19,'1993-05-19 21:03:47','Hauckville'),(20,'34','East Gregorio','f','2019-10-27',20,'1988-02-25 04:55:09','Gleichnerfort'),(21,'54.','East Bettyberg','m','1972-02-25',21,'1990-09-23 11:05:48','Lafayetteland'),(22,'30.','Homenickstad','m','2014-08-23',22,'2000-07-22 03:17:32','Port Kennethburgh'),(23,'37.','Maziefort','m','2009-06-04',23,'1977-09-17 23:25:37','North Baylee'),(24,'54.','South Garnett','m','1976-06-01',24,'2004-11-20 22:08:15','Stehrberg'),(25,'29','Lake Cordell','f','1975-08-12',25,'1984-06-06 05:37:06','West Trentmouth'),(26,'38.','Lake Merlview','f','1981-07-25',26,'1979-10-22 18:26:21','North Bradfordberg'),(27,'44.','Lake Omari','f','1986-09-04',27,'1970-07-08 00:39:04','Johnschester'),(28,'35.','Nataliafurt','m','1994-08-02',28,'2017-04-12 10:36:40','Lake Everette'),(29,'50.','Lake Madaline','f','2014-07-07',29,'1995-10-24 19:33:24','Port Augustinefort'),(30,'31','Lake Ryan','m','2017-11-17',30,'1982-06-05 22:15:32','East Bella'),(31,'28.','Blaisestad','m','1976-06-19',31,'1973-06-27 21:16:07','Ravenborough'),(32,'40.','Wisokyview','m','2006-07-26',32,'1973-10-26 02:24:00','Port Earl'),(33,'34.','West Alysa','m','1988-12-21',33,'2018-01-16 22:21:43','Boside'),(34,'32.','Stiedemannfurt','f','2014-07-29',34,'1996-06-17 16:26:48','Volkmanmouth'),(35,'29.','Jovanville','f','2000-12-12',35,'1982-07-21 04:43:52','Lexusland'),(36,'32.','Willisside','m','2011-09-22',36,'2013-11-11 02:09:23','North Brenna'),(37,'23.','East Dane','f','1975-08-17',37,'2014-03-28 00:08:39','New Norvalborough'),(38,'45','South Zachariahchester','m','2011-04-13',38,'2020-04-26 10:53:08','Kaleystad'),(39,'29.','Aylaton','f','1991-10-15',39,'2021-08-01 08:27:40','Barrowstown'),(40,'25.','New Charlieshire','m','2021-08-13',40,'1983-03-17 05:21:03','East Jordyn'),(41,'38.','North Vidal','f','2001-02-22',41,'1994-01-31 08:58:08','Nathanaelberg'),(42,'21.','Port Dan','m','2013-04-11',42,'1993-12-21 11:48:18','West Kaneshire'),(43,'42.','Streichchester','m','2002-01-16',43,'2017-11-08 09:09:40','Giovannystad'),(44,'46.','North Anabury','f','1970-08-16',44,'1980-06-14 07:23:42','East Madelynn'),(45,'39.','New Maxieborough','m','1990-02-15',45,'2004-10-25 12:41:38','North Joyce'),(46,'35.','Lake Adrianna','m','1988-02-02',46,'1996-10-25 23:50:08','New Fabianmouth'),(47,'35.','Royville','m','2021-07-16',47,'1978-05-05 12:27:41','Lake Paul'),(48,'31.','South Damonburgh','f','2011-02-18',48,'1977-01-16 02:01:48','Lake Ruthe'),(49,'53.','New Brock','f','2009-11-10',49,'1974-03-24 14:52:45','North Darren'),(50,'27.','Mayertborough','m','2011-02-12',50,'1976-08-08 04:23:24','New Dasia'),(51,'38.','North Daniella','m','1994-01-12',51,'1983-10-17 19:57:03','Langoshfort'),(52,'50.','West Alessandra','m','2009-07-06',52,'2019-04-03 13:25:28','Zenafurt'),(53,'44.','Andrewberg','f','1982-07-05',53,'1975-04-25 03:29:31','West Mathew'),(54,'28','East Addie','f','2008-02-16',54,'1974-04-16 22:42:50','Carsonborough'),(55,'23.','Mitchellmouth','f','2014-04-29',55,'1972-12-14 14:07:41','Port Kendrick'),(56,'26.','Port Hettieport','f','2002-10-28',56,'1986-02-26 08:11:01','Dahliashire'),(57,'35.','Hermannfort','m','1983-12-11',57,'1973-07-06 22:21:19','Weberville'),(58,'49.','New Halle','f','2014-01-29',58,'2020-12-20 15:14:24','Cruickshankbury'),(59,'50.','Jerdefurt','f','1996-01-15',59,'2016-01-26 09:32:04','Prohaskamouth'),(60,'40.','West Adell','m','1975-03-23',60,'1972-04-22 23:07:20','Lexieville'),(61,'41.','Elliotland','f','1982-03-13',61,'2003-04-02 13:03:18','Port Alisa'),(62,'26.','Dewittmouth','m','2014-05-10',62,'2015-08-01 21:10:31','South Alison'),(63,'40.','Shaniyastad','m','2004-06-18',63,'2009-05-12 03:47:50','New Marcellus'),(64,'26.','South Marianoside','m','2007-10-20',64,'2017-12-07 04:35:24','West Arjun'),(65,'46.','South Amelyton','m','2000-08-12',65,'1970-12-16 07:11:21','North Pearlieport'),(66,'36.','Torphyshire','m','2021-01-02',66,'1987-03-22 13:59:53','Leonorland'),(67,'29.','Lake Norvalfurt','m','2002-06-30',67,'2020-10-06 17:54:01','Katrinafort'),(68,'50.','New Isabellchester','f','1996-06-12',68,'2001-05-18 12:34:28','South Shemarton'),(69,'33.','North Willyberg','f','1972-02-25',69,'1975-08-29 12:54:34','Damarisfurt'),(70,'20.','West Stephan','f','2002-03-30',70,'2009-05-06 04:01:04','West Celestine'),(71,'22.','Lake Brown','f','1975-02-13',71,'1997-10-01 23:53:17','North Tyshawnbury'),(72,'49.','Shyanneland','m','1995-08-17',72,'2008-07-27 17:50:42','Scarlettfort'),(73,'38.','New Leta','f','1995-02-25',73,'1976-03-05 00:33:26','Port Shayne'),(74,'47.','Lake Brody','m','1990-06-29',74,'1986-06-22 21:57:07','Gusikowskiberg'),(75,'51.','Harveyburgh','f','1999-02-10',75,'2005-10-03 03:59:27','West Ryley'),(76,'52.','Kertzmannville','m','1972-11-03',76,'1992-02-29 18:45:03','New Cyril'),(77,'38.','Fidelshire','m','2003-12-21',77,'2015-04-02 06:48:41','Port Mya'),(78,'26.','South Bud','f','1972-01-26',78,'1974-12-24 09:12:31','South Werner'),(79,'34.','Jaymeton','f','2003-09-25',79,'2019-10-12 16:08:49','Lake Lori'),(80,'41.','Port Ethaberg','f','2015-11-27',80,'2021-03-11 00:33:40','Mateoshire'),(81,'22.','Port Dayanamouth','m','2018-01-09',81,'2010-12-21 14:21:02','Ankundingview'),(82,'39.','East Geovanychester','m','1971-12-16',82,'2004-02-21 03:14:10','Alberthaborough'),(83,'38.','Jeraldberg','f','2021-06-20',83,'1985-11-30 14:42:41','Edwinland'),(84,'30.','New Shaun','m','1972-09-17',84,'2020-09-15 15:17:15','Tellyland'),(85,'45.','Wolffland','m','2014-11-22',85,'1988-03-16 17:37:58','South Kellenside'),(86,'21.','West Natalie','f','2016-08-20',86,'2017-07-18 00:10:50','Larkinmouth'),(87,'53.','New Arely','m','2016-07-29',87,'1970-02-20 00:29:05','Champlintown'),(88,'52.','Port Esther','f','2016-04-22',88,'2019-06-09 00:17:57','Janiyaland'),(89,'21.','Eliseland','m','1996-01-14',89,'2001-10-25 06:45:50','South Dominique'),(90,'24.','Lake Kadinland','m','1988-06-22',90,'1970-12-24 08:08:07','Desmondmouth'),(91,'44.','Raynormouth','f','1990-03-25',91,'1974-04-12 15:21:07','Calichester'),(92,'35.','South Edytheshire','m','2012-02-08',92,'2009-08-22 09:55:27','East Casper'),(93,'35.','East Merlinburgh','m','1997-11-12',93,'2012-11-09 23:47:14','Rathmouth'),(94,'35.','Lacyshire','f','2010-11-04',94,'2018-08-11 18:15:13','Willland'),(95,'33.','Toyburgh','f','2004-07-17',95,'2008-07-24 21:34:04','West Destineebury'),(96,'50.','West Brenna','f','1992-06-26',96,'1997-03-30 11:18:04','East Chayaview'),(97,'26.','East Kyleehaven','m','2017-08-09',97,'1977-04-25 17:41:11','New Murltown'),(98,'53.','Reichertton','m','1978-08-29',98,'2001-08-06 21:33:26','Schinnerfort'),(99,'32.','East Raleighborough','f','1978-01-19',99,'1983-04-19 23:19:54','Funktown'),(100,'23','North Jocelynfort','m','2014-12-09',100,'2003-02-23 07:48:36','Jakemouth');
/*!40000 ALTER TABLE `profiles` ENABLE KEYS */;
UNLOCK TABLES;

--
-- Table structure for table `programs`
--

DROP TABLE IF EXISTS `programs`;
/*!40101 SET @saved_cs_client     = @@character_set_client */;
/*!40101 SET character_set_client = utf8 */;
CREATE TABLE `programs` (
  `id` bigint(20) unsigned NOT NULL AUTO_INCREMENT,
  `user_id` bigint(20) unsigned NOT NULL,
  `acco_id` bigint(20) unsigned DEFAULT NULL,
  `my_training_link` varchar(150) COLLATE utf8mb4_unicode_ci DEFAULT NULL COMMENT '?????? ?? ??? ????????',
  `testing_link` varchar(150) COLLATE utf8mb4_unicode_ci DEFAULT NULL COMMENT '?????? ????????????',
  `events_link` varchar(150) COLLATE utf8mb4_unicode_ci DEFAULT NULL COMMENT '?????? ???????????',
  PRIMARY KEY (`id`),
  UNIQUE KEY `my_training_link` (`my_training_link`),
  UNIQUE KEY `testing_link` (`testing_link`),
  UNIQUE KEY `events_link` (`events_link`),
  KEY `acco_id` (`acco_id`),
  KEY `user_id` (`user_id`),
  CONSTRAINT `programs_ibfk_1` FOREIGN KEY (`acco_id`) REFERENCES `accounts` (`user_id`) ON DELETE CASCADE ON UPDATE CASCADE,
  CONSTRAINT `programs_ibfk_2` FOREIGN KEY (`user_id`) REFERENCES `users` (`id`) ON DELETE CASCADE ON UPDATE CASCADE
) ENGINE=InnoDB AUTO_INCREMENT=101 DEFAULT CHARSET=utf8mb4 COLLATE=utf8mb4_unicode_ci;
/*!40101 SET character_set_client = @saved_cs_client */;

--
-- Dumping data for table `programs`
--

LOCK TABLES `programs` WRITE;
/*!40000 ALTER TABLE `programs` DISABLE KEYS */;
INSERT INTO `programs` VALUES (1,1,1,'http://homenickbode.com/','http://schinnerbalistreri.com/','http://www.brakuslarson.org/'),(2,2,2,'http://www.veumlindgren.biz/','http://www.rolfsonfahey.com/','http://feeneytromp.com/'),(3,3,3,'http://schroeder.com/','http://www.walsh.com/','http://greenfelder.info/'),(4,4,4,'http://www.gorczany.net/','http://www.davismacejkovic.info/','http://leschtremblay.com/'),(5,5,5,'http://boyle.com/','http://www.weber.info/','http://www.gleichner.com/'),(6,6,6,'http://www.willmstremblay.net/','http://hayesnienow.com/','http://www.treutel.info/'),(7,7,7,'http://johnston.info/','http://www.kling.biz/','http://tillmanpfeffer.com/'),(8,8,8,'http://kertzmann.info/','http://www.bahringer.info/','http://barton.info/'),(9,9,9,'http://www.wisoky.com/','http://www.mraz.com/','http://www.kulas.com/'),(10,10,10,'http://www.hayesebert.com/','http://heathcote.com/','http://www.farrell.info/'),(11,11,11,'http://www.wisoky.net/','http://murphygraham.com/','http://pagacbrown.org/'),(12,12,12,'http://www.predovic.com/','http://oreilly.info/','http://www.buckridgebins.net/'),(13,13,13,'http://mann.com/','http://harvey.biz/','http://www.dubuquewilliamson.com/'),(14,14,14,'http://www.bradtke.com/','http://www.kiehnziemann.net/','http://www.bruen.info/'),(15,15,15,'http://weissnathoppe.net/','http://www.framihegmann.com/','http://www.wiza.com/'),(16,16,16,'http://www.johns.com/','http://bahringermarks.com/','http://www.lesch.net/'),(17,17,17,'http://www.turnerwelch.org/','http://www.grady.biz/','http://www.rolfson.com/'),(18,18,18,'http://www.conroyhirthe.org/','http://heidenreichgibson.net/','http://www.friesen.org/'),(19,19,19,'http://feil.com/','http://www.christiansen.net/','http://howerunte.com/'),(20,20,20,'http://veum.info/','http://www.feil.com/','http://www.bosco.org/'),(21,21,21,'http://windlerhomenick.net/','http://www.nitzsche.com/','http://www.jenkinsrunolfsson.com/'),(22,22,22,'http://cole.com/','http://bartoletti.com/','http://runolfsson.net/'),(23,23,23,'http://gutmannmayert.com/','http://hettinger.net/','http://www.veumhodkiewicz.biz/'),(24,24,24,'http://wehner.com/','http://www.pouros.biz/','http://veum.com/'),(25,25,25,'http://www.kuvalisjenkins.com/','http://www.reillyraynor.com/','http://ohara.net/'),(26,26,26,'http://kiehn.biz/','http://www.labadieheaney.com/','http://toyheidenreich.com/'),(27,27,27,'http://www.hesselgrimes.com/','http://kunde.com/','http://www.breitenbergbashirian.net/'),(28,28,28,'http://www.franeckihoeger.com/','http://www.fahey.com/','http://www.gutkowski.com/'),(29,29,29,'http://aufderhar.com/','http://fay.com/','http://hintzgoyette.com/'),(30,30,30,'http://www.huel.info/','http://klinghayes.com/','http://oreillyluettgen.info/'),(31,31,31,'http://www.kreigerschmitt.com/','http://hyatt.com/','http://mccullough.com/'),(32,32,32,'http://russelprohaska.org/','http://www.waters.org/','http://www.okon.com/'),(33,33,33,'http://crist.net/','http://www.friesen.com/','http://www.krajcikleannon.com/'),(34,34,34,'http://www.stamm.org/','http://gerlach.com/','http://ornhaley.biz/'),(35,35,35,'http://paucek.com/','http://ratke.com/','http://www.stammdurgan.com/'),(36,36,36,'http://www.wintheiser.info/','http://faydickinson.org/','http://cassin.biz/'),(37,37,37,'http://rutherfordbradtke.org/','http://www.adams.info/','http://www.ricemertz.com/'),(38,38,38,'http://barrows.org/','http://www.muller.net/','http://www.thiel.com/'),(39,39,39,'http://www.littelzulauf.com/','http://lakin.com/','http://beahan.com/'),(40,40,40,'http://www.kesslerroberts.info/','http://www.mayertgleichner.com/','http://www.conn.com/'),(41,41,41,'http://abernathy.info/','http://www.kuphalspencer.biz/','http://bogan.net/'),(42,42,42,'http://keeling.com/','http://www.daniel.net/','http://www.dickinson.biz/'),(43,43,43,'http://www.feest.com/','http://www.johnson.com/','http://gleichner.info/'),(44,44,44,'http://www.kerlukeemard.org/','http://jacobson.info/','http://wymanwaelchi.info/'),(45,45,45,'http://www.hayesshields.info/','http://www.spencerstehr.com/','http://hayeshamill.com/'),(46,46,46,'http://lebsack.org/','http://www.hermannhayes.net/','http://purdy.com/'),(47,47,47,'http://franeckikuhn.net/','http://www.romaguera.com/','http://www.kovacek.net/'),(48,48,48,'http://www.bechtelar.info/','http://www.gerhold.info/','http://becker.com/'),(49,49,49,'http://www.casper.biz/','http://goyette.net/','http://www.adamscassin.biz/'),(50,50,50,'http://www.will.info/','http://www.tromp.com/','http://www.nolankutch.biz/'),(51,51,51,'http://www.ricebednar.com/','http://www.starkkub.com/','http://www.flatley.com/'),(52,52,52,'http://www.stromanvandervort.com/','http://www.cummerata.com/','http://smitham.com/'),(53,53,53,'http://www.huels.com/','http://www.renner.com/','http://www.berge.com/'),(54,54,54,'http://fadel.com/','http://www.hermiston.com/','http://www.block.com/'),(55,55,55,'http://rowe.com/','http://brown.biz/','http://cummerata.com/'),(56,56,56,'http://www.simonis.info/','http://simoniswiza.com/','http://gerlachdach.com/'),(57,57,57,'http://kertzmannwalsh.info/','http://heaneyhermiston.com/','http://www.champlinfeeney.org/'),(58,58,58,'http://blandalesch.org/','http://littel.com/','http://www.turcotte.biz/'),(59,59,59,'http://www.spencermurphy.com/','http://johnsjaskolski.net/','http://www.emard.org/'),(60,60,60,'http://hermiston.org/','http://dubuque.com/','http://www.kerluke.com/'),(61,61,61,'http://www.king.com/','http://starkvandervort.biz/','http://www.quigleybalistreri.com/'),(62,62,62,'http://terry.com/','http://www.spencerflatley.com/','http://turnerblanda.com/'),(63,63,63,'http://smith.com/','http://www.russel.com/','http://www.goldner.com/'),(64,64,64,'http://skileshessel.com/','http://rippin.com/','http://daniel.com/'),(65,65,65,'http://bernhard.biz/','http://runte.com/','http://ortiz.com/'),(66,66,66,'http://www.hansen.com/','http://www.runolfsdottir.biz/','http://rolfsonwilderman.info/'),(67,67,67,'http://www.kertzmann.com/','http://www.treuteljerde.com/','http://hudsonbaumbach.com/'),(68,68,68,'http://www.jacobson.info/','http://west.com/','http://corwinjast.com/'),(69,69,69,'http://macejkovicdickens.biz/','http://stiedemannjohns.com/','http://www.mcclure.biz/'),(70,70,70,'http://macejkovicschmidt.net/','http://www.schuppezulauf.com/','http://lakin.info/'),(71,71,71,'http://www.hintz.com/','http://torphy.info/','http://www.williamson.org/'),(72,72,72,'http://www.gaylord.com/','http://quitzonhane.biz/','http://www.schimmel.info/'),(73,73,73,'http://goyette.com/','http://macejkovicrunte.biz/','http://www.satterfield.com/'),(74,74,74,'http://hodkiewiczoreilly.com/','http://www.marquardt.com/','http://mraz.com/'),(75,75,75,'http://www.lockmanvolkman.org/','http://bahringerrice.com/','http://www.gutmannernser.com/'),(76,76,76,'http://emard.com/','http://rosenbaum.net/','http://langworth.com/'),(77,77,77,'http://feeneywaters.com/','http://www.wehnerhammes.com/','http://dibbertwalter.org/'),(78,78,78,'http://rolfson.com/','http://www.lubowitzborer.com/','http://www.gerhold.com/'),(79,79,79,'http://purdyhartmann.com/','http://wolf.com/','http://www.berge.biz/'),(80,80,80,'http://vonrueden.com/','http://grady.com/','http://www.huelsmaggio.com/'),(81,81,81,'http://www.ferrystrosin.com/','http://www.jacobi.biz/','http://heaney.info/'),(82,82,82,'http://cartwright.com/','http://gleasoncorwin.net/','http://www.schoen.net/'),(83,83,83,'http://www.armstrong.com/','http://russel.biz/','http://www.morarschaden.info/'),(84,84,84,'http://www.strosin.com/','http://www.murazik.biz/','http://www.kesslermclaughlin.org/'),(85,85,85,'http://bechtelar.com/','http://kirlingleichner.com/','http://hand.com/'),(86,86,86,'http://www.abernathyvolkman.com/','http://zemlak.com/','http://www.hand.com/'),(87,87,87,'http://www.greenholtrutherford.com/','http://www.weissnat.biz/','http://schowalter.com/'),(88,88,88,'http://www.conroywisozk.com/','http://okon.com/','http://www.wintheiserhermiston.com/'),(89,89,89,'http://www.monahan.org/','http://www.rippin.com/','http://kub.org/'),(90,90,90,'http://greenfelder.com/','http://aufderharbartell.com/','http://torphy.net/'),(91,91,91,'http://hessel.com/','http://haneparisian.net/','http://www.bernhard.com/'),(92,92,92,'http://kemmer.com/','http://www.hand.net/','http://swift.info/'),(93,93,93,'http://altenwerthhagenes.com/','http://www.hudson.com/','http://leffler.org/'),(94,94,94,'http://fishercollier.biz/','http://www.christiansen.info/','http://zboncak.com/'),(95,95,95,'http://www.stammlabadie.com/','http://braungutmann.com/','http://www.mclaughlin.com/'),(96,96,96,'http://kshlerinondricka.net/','http://www.kunzeanderson.com/','http://kohler.com/'),(97,97,97,'http://www.koepp.biz/','http://www.bailey.com/','http://www.runolfsdottir.info/'),(98,98,98,'http://www.abshire.net/','http://beckermoore.com/','http://www.nienow.biz/'),(99,99,99,'http://www.lebsackbaumbach.com/','http://www.wymanboyle.com/','http://www.yostflatley.com/'),(100,100,100,'http://www.barrows.com/','http://www.swift.org/','http://www.christiansen.biz/');
/*!40000 ALTER TABLE `programs` ENABLE KEYS */;
UNLOCK TABLES;

--
-- Table structure for table `users`
--

DROP TABLE IF EXISTS `users`;
/*!40101 SET @saved_cs_client     = @@character_set_client */;
/*!40101 SET character_set_client = utf8 */;
CREATE TABLE `users` (
  `id` bigint(20) unsigned NOT NULL AUTO_INCREMENT,
  `firstname` varchar(100) COLLATE utf8mb4_unicode_ci DEFAULT NULL COMMENT '???',
  `lastname` varchar(100) COLLATE utf8mb4_unicode_ci DEFAULT NULL COMMENT '???????',
  `email` varchar(100) COLLATE utf8mb4_unicode_ci DEFAULT NULL,
  `password_hash` varchar(100) COLLATE utf8mb4_unicode_ci DEFAULT NULL,
  `phone` bigint(20) DEFAULT NULL,
  `is_deleted` bit(1) DEFAULT b'0',
  PRIMARY KEY (`id`),
  UNIQUE KEY `email` (`email`),
  KEY `users_firstname_lastname_idx` (`firstname`,`lastname`)
) ENGINE=InnoDB AUTO_INCREMENT=101 DEFAULT CHARSET=utf8mb4 COLLATE=utf8mb4_unicode_ci;
/*!40101 SET character_set_client = @saved_cs_client */;

--
-- Dumping data for table `users`
--

LOCK TABLES `users` WRITE;
/*!40000 ALTER TABLE `users` DISABLE KEYS */;
INSERT INTO `users` VALUES (1,'Roger','Huel','mariano74@example.org','c68d030f8f6bf0382049a0acb9974e6394839c20',91254806430,''),(2,'Kassandra','Beahan','myah67@example.net','4ad2a9806c650d4cdfa9e5c45a8c2b1c9f65f88c',93435891965,'\0'),(3,'Sabina','O\'Keefe','orlo.gibson@example.com','bb19461b90c4b24cafab3bba47ac5dd8d19c53f2',97182776926,''),(4,'Nya','Howe','ledner.leone@example.org','a0c04ff7271bd0adf32bcdb266b3fbd7d95fb1fe',85177508790,'\0'),(5,'Ulices','Koch','herman.lera@example.net','2c128cd6e8e9b36dc381b0be5649a4adc3fdfe53',81143429392,''),(6,'Luigi','Tromp','mayer.mia@example.net','ff3e67551d82181d415b3eab6320ff2d8fa01b92',88698306292,'\0'),(7,'Isom','Thiel','conroy.aida@example.net','21bf1a37ff1b066e5b418bf8bf4f3ecc1ef59c16',83646273447,''),(8,'Felicia','Lehner','glennie04@example.org','75f63fc96432a4e8b1b46008772b29ec0e72e242',95260781149,''),(9,'Zakary','Durgan','fernando.zieme@example.net','f1879d3433abd44300446cb7013f892fe75d6994',81712962222,'\0'),(10,'Jamey','Gerhold','obarrows@example.com','e00e96e6edfb6416a263f72e684aee759b72762e',86893274275,'\0'),(11,'Damaris','Pfannerstill','ismitham@example.net','a11f51c138c67882953819ea0b2a1ceebd2f0df9',90829320806,'\0'),(12,'Clementina','Kihn','rsmitham@example.org','a1e1d76ba8a010ba9fcfc222da7c61a1cb2c2249',86703133819,''),(13,'Ashleigh','Bartell','rolando.pouros@example.org','bd7e9e93a6bc1b80abbaa7904670f557ca8e168e',97674899658,''),(14,'Terrance','Dach','hahn.esta@example.org','79c613af1df7c58b7bcac626a325c2fa37ff3ef0',82007332035,'\0'),(15,'Ova','Rohan','kwelch@example.org','60e568fa3f7a595c4841de78ffcfcec2e399497e',88282825391,''),(16,'Cydney','Gorczany','carlie41@example.org','658da131d5ac8f7a663b5bb342aad3d0861b5413',93121228941,'\0'),(17,'Jeanette','Legros','rodriguez.mckenna@example.org','cc5d950488f96b8e61565a9e70cc7cfc8dd4c076',82251446118,'\0'),(18,'Eleanore','Jacobi','willms.wilton@example.com','8cb26e6d28f0f10e3cc197cbc2d9e22263199619',83532761905,'\0'),(19,'Darwin','Larkin','schuyler.dibbert@example.org','dd45f5c915ee47221e7b0cfa0b1dfbd3701961a2',99138158000,''),(20,'Russell','Mraz','wmiller@example.net','416569bc98f3aa3dd994b56e460d1764060f5728',90067636272,'\0'),(21,'Elvie','Larson','nmoore@example.org','0629572776431fc36e9afccdfc0d4af5c2221b61',81513985275,''),(22,'Pearlie','Considine','ahansen@example.net','6fc1d9fa0a8eef33da4452534399ab740bc83da7',90017475341,''),(23,'Lizeth','Hauck','bruen.daisha@example.com','669f091942dbee578a8df9f4f59848a957bba365',96287437209,''),(24,'Daisy','Willms','orpha80@example.com','53021b9d5b35451010824870d39063deb43fa2d4',86884422426,''),(25,'Arvid','Moore','lueilwitz.leopold@example.net','44d17bb3de3ccb25a0914039257b37c4d3802f57',87310945134,'\0'),(26,'Raven','Stamm','brunolfsdottir@example.net','3a6d022a1327e38d132ec9c023a91379e87905a9',92490546504,'\0'),(27,'Alejandrin','Connelly','johnston.stefan@example.net','890f741ad5e8bdb15ba6a18b6be1de821a6fd733',99289317782,'\0'),(28,'Elise','Hodkiewicz','xframi@example.net','658dc96f0e5cf58542d18547ed7c899240243434',87850413894,''),(29,'Brando','Johns','mccullough.cortney@example.org','d669e2ae00f05143254f6fc6f91727e251a7854d',94967949657,''),(30,'Naomi','Block','braulio54@example.net','82fceee580f1f181c7a99fc599ca6866f7c6c324',94147620850,'\0'),(31,'Quincy','Treutel','llewellyn.bradtke@example.com','c6959b56e5db83f215d924cfe892a7d4417189c5',80404574610,''),(32,'Jamir','Reichel','heloise51@example.org','49474d4af176552ddbf4847725b483d116677170',85978653033,'\0'),(33,'Melvina','Jacobi','pkuhn@example.net','4b1cd215b19072bdc9e7893c359e2bdde29f7a54',85459142367,'\0'),(34,'Jerome','Sanford','morar.karley@example.com','8638914519ff0c27e99344f9838b61def114363a',99314672946,'\0'),(35,'Nannie','Collins','beier.ebony@example.org','82f868f4b1b6821ce4286b118e9cc7c257bfd38f',96566609114,''),(36,'Cade','Hilpert','gibson.hoyt@example.com','5c0942d65338b5db01558a8d8afc0d5a2aa4e903',84338781500,''),(37,'Morton','Upton','wendy06@example.org','bda6e461b1498243e2f874afd437430bbc028d2a',98238313122,''),(38,'Anabelle','Abshire','dmckenzie@example.org','81b6a03481f24b9711e32001f29ea32ae93cd00b',98599306967,''),(39,'Deven','Kuvalis','xklein@example.com','7ac95d43ec8133220f5d41a1441016cce1fc8122',90028576427,'\0'),(40,'Gianni','Zieme','ryder91@example.com','8462a237564468fea83069ce9bba92bf6ec525dd',94369460648,''),(41,'Josefina','Christiansen','hilton.reichert@example.com','176e52bae730c7955275d3bedde5f8e9d660cb88',95451174031,''),(42,'Jewell','Adams','rking@example.org','fada41b48a518e2dfff369e3c6372828149941e5',95476344076,'\0'),(43,'Chasity','Schaden','evan.tromp@example.net','b11512eecfa462e16e4de6c63a957b38b3aa35f0',92772486588,'\0'),(44,'Veda','McClure','jared.grady@example.com','4c383d3a7ff65db141de5001476b6918357d4d15',97962961959,'\0'),(45,'Tad','Moen','molly58@example.com','542cf51901027f13c3d65d00973bfa0881e10458',88256973022,'\0'),(46,'Flo','Konopelski','erempel@example.net','3607aa2e0476f88632de12cc95d422a153c09ca1',83348895248,''),(47,'Favian','Padberg','pouros.destany@example.org','f31226fe16329cc55f1296b7f86bbc70e245287a',96425746956,'\0'),(48,'Dorothea','Kling','barrows.alessandro@example.org','def798c5f41604d9a50f91d10b86e8870c00bff8',89935031901,''),(49,'Dortha','Kling','schiller.maybelle@example.org','30fb22ab19ae8ca94b90600c49c539e785182afd',91658101692,'\0'),(50,'Salvador','Nienow','akling@example.net','34dfb4e0af94122d8f4ba1bb8d6430a8bbfafb4b',97096606584,''),(51,'Nicola','Shanahan','pturner@example.org','7264b28099daca286dde457e21cdb884bb8cccb4',96434408014,'\0'),(52,'Sally','Legros','howe.johann@example.net','66d17d048f6cdb0a91bf8f611e9bd4d0f3ac9929',89698907774,''),(53,'Mossie','Gerlach','hkub@example.org','50e5eeb2fd282a9ea7484236f230bcaf96dc9679',89532351889,''),(54,'Osborne','Farrell','elouise25@example.com','0a54ed48dae772605a9a769e07863d143f0a135d',94648681392,'\0'),(55,'Maggie','Muller','julia99@example.net','cfefca51f44f3b6c1d6f90247d9979b3809b71b8',84765850345,'\0'),(56,'Vernie','Steuber','tboyer@example.net','fabbe87b81cfcb3bf9d354ff3fb61367e5223894',87025631036,'\0'),(57,'Brenda','Goodwin','haag.dewayne@example.com','44c2f7e63421255ed005a466ea555d9e2a68a843',83314318155,''),(58,'Gianni','Predovic','fwunsch@example.com','6f0ec0bdba84c1bcfbbe934338bb860e74d1121c',81113008317,''),(59,'Edna','Bosco','nicolas.arlie@example.org','63af9ba25e58998487f1228d8df01e1c730e4883',95823837833,'\0'),(60,'Webster','Parker','iwyman@example.org','c0c2c6c008ca53d54b8defaf84ee5a9d1219dfbd',80142308548,''),(61,'Beatrice','Hammes','anibal06@example.com','3763fb7784392e9053fe2ed95edb9357c9a1e104',89675156422,''),(62,'Cedrick','Greenholt','forest72@example.org','4ade079341578e234aff3de3e9ceeeebc660932c',80534463758,''),(63,'Bella','Kris','ariel.parisian@example.org','b7f05a9e60a27de0b9b2fad2bcf91532f491f834',81552434695,''),(64,'Helmer','Jones','alessandra25@example.com','8a23c3dc8e6d384ff4f014f8e5c0e2a29c5650a7',83446607368,''),(65,'Nyasia','Thiel','bernhard.trenton@example.net','f97a608995247f0567539b2bf747bfc1cbc0604d',90113955722,''),(66,'Jarod','Kessler','nmedhurst@example.com','fd6c81245e89775248158e93fbdce674f90d8ef7',95045393982,''),(67,'Charles','Shields','awhite@example.org','32aca92f5108233db0bf2974770f4c9ff7257c0e',91327881585,''),(68,'Hope','Dietrich','rmorissette@example.com','f2e9f096d64b224d8ec9b1dfce0412ad4e08a44f',97763331363,'\0'),(69,'Hilario','Mante','justus80@example.com','793c31f8f6ea940021109d20f63877b3ed2c1c6a',94127019994,'\0'),(70,'Corine','Willms','shania.dickinson@example.org','a374036699f99eb7aa83e4ea02331344b0c81b8f',83123144723,''),(71,'Clifford','Hagenes','rolfson.enola@example.com','0a6ddda1ef12fd977048b287e231d1bdc38cfb77',84248602699,''),(72,'Wilburn','Schowalter','mafalda.schowalter@example.com','2371331551cb30015ff2e58620de6e167b821f46',97769487284,''),(73,'Bobbie','Wilkinson','frida.grant@example.net','528e6bb96735566399b2e86fdaae3fed7445482c',93859587439,'\0'),(74,'Minerva','Reichert','cronin.ericka@example.net','fdedb018660305956daedbe4ec30d1396d72c61a',94778889014,''),(75,'Adella','Stamm','brain.kulas@example.net','6dd6ca15fb8035a9d2fa46a8bb9f6a1af9cba418',83348130324,'\0'),(76,'Anastacio','Hirthe','aliza.ward@example.org','f202ed234d367e80da99ca2bb8be935657b63f27',90396330575,''),(77,'Niko','Abernathy','hkozey@example.org','2322a9eccbbc00b121b88eb07677b364885ac198',84685745372,'\0'),(78,'Kory','Gleason','gutkowski.pattie@example.com','0a74711ef215dd60a2a8dd9fa4db793a9dd5fe45',83686472999,'\0'),(79,'Leola','Rodriguez','rsimonis@example.org','76f3c0d7d099700fa1234a008803de31ff6aaaf1',85909798567,''),(80,'Jevon','Leffler','batz.twila@example.com','d13f44d11d9510f4b56f22fcfc6323f5d68eb084',88539965743,'\0'),(81,'Savanah','Stamm','padberg.thad@example.org','ba18d0d13fab45bf8c3451f7f790589d590ae6e9',90134966778,''),(82,'Tillman','Ullrich','west.annie@example.net','f8f906d878cbe5d5175801e526c98c76341b1ac1',84358177718,'\0'),(83,'Ariane','West','ada78@example.org','fef6b3b585376d1945aaa52da60c8d703386c6a9',92276358181,'\0'),(84,'Pedro','Veum','dana.lubowitz@example.org','a839cac56b1caa6abb759eeffd4bf480b183310f',84967195096,'\0'),(85,'Raquel','Bode','ukirlin@example.org','86e79ffb884b8bae845e783398f964178183e95d',89846625602,'\0'),(86,'Destin','Satterfield','mya93@example.com','4900651be22b015841d11ce4f018cd9c67e01020',89772394732,'\0'),(87,'Cary','Kemmer','zieme.noemie@example.net','8fea956dcc8a009f6aeec63ba3d63c0a83f1d326',94371125555,''),(88,'Ayana','Schroeder','rpollich@example.org','c1baa66676027223ce759d6eb811b1401e3de40a',84615808057,'\0'),(89,'Emmalee','Turcotte','heidi65@example.org','e8bd3475913da33955b498ec7ec42787a2d012f2',82853259073,'\0'),(90,'Willow','Aufderhar','ryder.lesch@example.com','5988197b000b8711cd3823d1c832bddd0847a090',95728920435,''),(91,'Laisha','Sanford','hunter.sporer@example.com','f6b064c30758eace6580abb76859924469e4907f',96085829481,'\0'),(92,'Jett','Hegmann','raegan40@example.com','297a02692a0c94e936df7e62fd853c14d18bb0d7',82528703344,'\0'),(93,'Aiyana','Smith','xmueller@example.com','4ea51a7a90bb9a7899ed2e77edf3ed248602b555',97920649115,''),(94,'Chandler','Schultz','cwaelchi@example.com','1ccf1910c8a25a61b98d5ddfbbcea4a683d0ff30',99237745030,'\0'),(95,'Freddy','Sanford','imetz@example.net','1a00562944a79c12d432416042b2d940e772e47e',97381304156,''),(96,'Darrel','Hauck','waino12@example.com','a72c1c1f0871b6f52c2d494dc567cf474ba2efc6',84943477569,''),(97,'Michele','Bergnaum','ylubowitz@example.org','460ae1f6ff61f4e5b2176f4014194b8342779a9c',84306798188,''),(98,'Anahi','Purdy','freddy56@example.org','e7288bc2c048109a6425b6303dcb025283267407',84235824600,'\0'),(99,'Durward','Bogan','warmstrong@example.org','126bc7d03e56330fd09a99ed56292c3e8b8b9386',86339650948,''),(100,'Judson','Pagac','casper.tony@example.com','a16b96c1b2771f8f1507be0de9983e426796e150',91962768776,'');
/*!40000 ALTER TABLE `users` ENABLE KEYS */;
UNLOCK TABLES;

--
-- Table structure for table `work`
--

DROP TABLE IF EXISTS `work`;
/*!40101 SET @saved_cs_client     = @@character_set_client */;
/*!40101 SET character_set_client = utf8 */;
CREATE TABLE `work` (
  `the_company` varchar(180) COLLATE utf8mb4_unicode_ci DEFAULT NULL COMMENT '????????',
  `job_openings` varchar(900) COLLATE utf8mb4_unicode_ci DEFAULT NULL COMMENT '????????',
  `user_id` bigint(20) unsigned NOT NULL,
  `career_id` bigint(20) unsigned NOT NULL,
  PRIMARY KEY (`user_id`,`career_id`),
  KEY `career_id` (`career_id`),
  CONSTRAINT `work_ibfk_1` FOREIGN KEY (`user_id`) REFERENCES `users` (`id`) ON DELETE CASCADE ON UPDATE CASCADE,
  CONSTRAINT `work_ibfk_2` FOREIGN KEY (`career_id`) REFERENCES `career` (`id`) ON DELETE CASCADE ON UPDATE CASCADE
) ENGINE=InnoDB DEFAULT CHARSET=utf8mb4 COLLATE=utf8mb4_unicode_ci;
/*!40101 SET character_set_client = @saved_cs_client */;

--
-- Dumping data for table `work`
--

LOCK TABLES `work` WRITE;
/*!40000 ALTER TABLE `work` DISABLE KEYS */;
INSERT INTO `work` VALUES ('Deckow, Feil and Rodriguez',' технический писатель',1,1),('Hahn-Lowe',' дизайнер',2,2),('Wisoky-Morar',' тестировщик',3,3),('Rippin, Leuschke and Blanda',' тестировщик',4,4),('Grant, Satterfield and Weissnat',' архитектор',5,5),('Hilpert and Sons','аналитик',6,6),('Monahan and Sons','аналитик',7,7),('Steuber-Ankunding',' тестировщик',8,8),('Gleason, Kemmer and Gottlieb','аналитик',9,9),('Koss, Balistreri and Klocko',' системный аналитик',10,10),('Paucek, Brakus and Spinka',' дизайнер',11,11),('Thiel, Bayer and Schaefer',' разработчик',12,12),('Schaefer Inc',' разработчик',13,13),('Ruecker Group',' дизайнер',14,14),('Macejkovic PLC',' системный аналитик',15,15),('Nader, Barton and Nitzsche',' системный аналитик',16,16),('Stoltenberg-Hyatt','аналитик',17,17),('Mosciski LLC',' системный аналитик',18,18),('Fritsch Ltd',' архитектор',19,19),('Wolf Group',' разработчик',20,20),('Christiansen-Turner',' дизайнер',21,21),('Paucek, Kris and Heller',' разработчик',22,22),('Kerluke, McKenzie and Flatley','аналитик',23,23),('Gislason-Frami','аналитик',24,24),('Ankunding-Satterfield','аналитик',25,25),('Rice Ltd',' системный аналитик',26,26),('Streich-Thiel','аналитик',27,27),('Murray Inc',' технический писатель',28,28),('Pfannerstill-Vandervort',' тестировщик',29,29),('Smith, Bogisich and Ziemann',' разработчик',30,30),('Reichert-Yundt',' тестировщик',31,31),('Waters PLC',' технический писатель',32,32),('Huel-Quigley',' архитектор',33,33),('Lockman-Waelchi',' разработчик',34,34),('Zboncak, Veum and Wolff',' дизайнер',35,35),('Schultz Inc',' технический писатель',36,36),('Bahringer Ltd',' разработчик',37,37),('Abernathy-Hackett',' системный аналитик',38,38),('Davis-Reinger',' дизайнер',39,39),('Walker-Ward',' тестировщик',40,40),('Wolf, Bosco and Bergnaum','аналитик',41,41),('Barton and Sons',' разработчик',42,42),('Upton, Kuhic and Osinski',' архитектор',43,43),('Rohan and Sons',' технический писатель',44,44),('Bruen-Homenick',' технический писатель',45,45),('Yost-Hodkiewicz',' тестировщик',46,46),('Yundt Inc',' системный аналитик',47,47),('Bernier-Runolfsson',' системный аналитик',48,48),('O\'Conner Group',' дизайнер',49,49),('Kiehn-Hoeger',' архитектор',50,50),('Williamson-Keebler',' системный аналитик',51,51),('Wyman Group',' тестировщик',52,52),('Kuhlman-Schuster','аналитик',53,53),('Kuhn Group',' системный аналитик',54,54),('Kemmer and Sons',' системный аналитик',55,55),('Homenick, Heathcote and Jones',' системный аналитик',56,56),('Dach-Howell',' тестировщик',57,57),('Crist-Macejkovic',' разработчик',58,58),('Borer and Sons',' дизайнер',59,59),('Deckow Inc','аналитик',60,60),('Vandervort, Bayer and Carroll',' тестировщик',61,61),('Strosin Inc','аналитик',62,62),('Collier, Boyer and O\'Connell',' тестировщик',63,63),('Schmitt, Kuhlman and Rohan',' технический писатель',64,64),('Friesen-Schultz','аналитик',65,65),('Kemmer-Fisher',' системный аналитик',66,66),('Schmidt Inc','аналитик',67,67),('DuBuque, Muller and Bruen','аналитик',68,68),('Hansen, Jakubowski and Altenwerth',' дизайнер',69,69),('Dickens-Gutkowski',' разработчик',70,70),('Ritchie-Botsford','аналитик',71,71),('Swift-Maggio',' тестировщик',72,72),('Kshlerin-Nicolas',' дизайнер',73,73),('Koch Group',' системный аналитик',74,74),('Little, Okuneva and Paucek','аналитик',75,75),('Champlin-Cremin',' разработчик',76,76),('Boyle PLC',' разработчик',77,77),('Brown, Morar and Effertz',' разработчик',78,78),('Luettgen Inc',' дизайнер',79,79),('Bernhard and Sons',' архитектор',80,80),('Bauch PLC','аналитик',81,81),('Welch, Cassin and Tromp',' архитектор',82,82),('Mraz-Kub',' системный аналитик',83,83),('Koepp Inc',' технический писатель',84,84),('Kertzmann-Weber',' разработчик',85,85),('Oberbrunner-Russel',' дизайнер',86,86),('Purdy-Cassin','аналитик',87,87),('Treutel, Moore and McClure',' технический писатель',88,88),('Hilpert, Reichel and Greenfelder',' системный аналитик',89,89),('Tremblay, Reichert and Schmeler','аналитик',90,90),('Becker-Kozey',' разработчик',91,91),('Grimes LLC',' системный аналитик',92,92),('Ruecker LLC',' дизайнер',93,93),('Bogisich and Sons',' разработчик',94,94),('Treutel, Fritsch and Witting',' архитектор',95,95),('Gottlieb-Schneider','аналитик',96,96),('Barrows, Langworth and Johnston',' технический писатель',97,97),('Lubowitz, Miller and Schoen',' тестировщик',98,98),('Kunde Inc',' архитектор',99,99),('Harris-Smitham','аналитик',100,100);
/*!40000 ALTER TABLE `work` ENABLE KEYS */;
UNLOCK TABLES;
/*!40103 SET TIME_ZONE=@OLD_TIME_ZONE */;

/*!40101 SET SQL_MODE=@OLD_SQL_MODE */;
/*!40014 SET FOREIGN_KEY_CHECKS=@OLD_FOREIGN_KEY_CHECKS */;
/*!40014 SET UNIQUE_CHECKS=@OLD_UNIQUE_CHECKS */;
/*!40101 SET CHARACTER_SET_CLIENT=@OLD_CHARACTER_SET_CLIENT */;
/*!40101 SET CHARACTER_SET_RESULTS=@OLD_CHARACTER_SET_RESULTS */;
/*!40101 SET COLLATION_CONNECTION=@OLD_COLLATION_CONNECTION */;
/*!40111 SET SQL_NOTES=@OLD_SQL_NOTES */;

-- Dump completed on 2021-09-24 14:27:32
